Giá,Diện tích,Số phòng,Quận
7,89.0,2,Quận Nam Từ Liêm
Thỏa thuận,90.0,2,Quận Nam Từ Liêm
2.8,48.0,2,Ciputra
3.65,73.0,2,Quận Long Biên
9.6,104.0,,Quận Nam Từ Liêm
6.7,108.0,3,Quận Cầu Giấy
7.5,112.9,3,Quận Bắc Từ Liêm
Thỏa thuận,110.0,,Quận Cầu Giấy
Thỏa thuận,210.0,4,Quận Cầu Giấy
1.56,42.0,1,Huyện Thanh Trì
Thỏa thuận,,,Quận Thanh Xuân
4.6,74.0,2,Quận Nam Từ Liêm
4,74.0,,Quận Nam Từ Liêm
5500.00,95.0,2,Quận Hoàng Mai
5.5,77.0,2,Quận Cầu Giấy
4.1,74.0,2,Quận Bắc Từ Liêm
3.65,97.0,2,Quận Long Biên
Thỏa thuận,71.4,,Quận Long Biên
3,51.0,,Quận Bắc Từ Liêm
7.6,101.0,2,88 Láng Hạ
3.7,102.3,3,Quận Thanh Xuân
2,66.0,2,Huyện Thanh Trì
23,179.0,4,Quận Nam Từ Liêm
Thỏa thuận,92.0,2,Quận Bắc Từ Liêm
1,30.0,2,Quận Cầu Giấy
5.95,80.0,2,T8 Ngoại Giao Đoàn
7.5,136.0,3,Quận Tây Hồ
4,82.0,3,Huyện Đông Anh
7.8,,,Quận Thanh Xuân
3.85,70.0,2,Quận Nam Từ Liêm
9,149.0,3,Quận Cầu Giấy
8.5,130.0,,Quận Cầu Giấy
3.1,83.0,,Huyện Thanh Trì
2.28,43.0,1,Huyện Gia Lâm
2.85,57.0,2,Quận Tây Hồ
7.55,108.0,3,Quận Đống Đa
5.9,62.0,,Quận Nam Từ Liêm
6.7,,,Quận Cầu Giấy
5.5,77.0,2,Quận Cầu Giấy
31,200.0,7,Liễu Giai
9.75,94.0,2,Quận Tây Hồ
3.95,62.0,2,Quận Nam Từ Liêm
80 Triệu/m²,127.7,,Quận Cầu Giấy
57.8 Triệu/m²,83.0,,Quận Nam Từ Liêm
8.55,116.9,3,Quận Cầu Giấy
10,170.0,4,Quận Nam Từ Liêm
6.7,159.0,4,Quận Nam Từ Liêm
7,111.0,,Quận Cầu Giấy
6.8,71.0,,Quận Thanh Xuân
6.5,,,Quận Thanh Xuân
14,172.0,4,Quận Thanh Xuân
4.75,121.0,3,Quận Nam Từ Liêm
Thỏa thuận,116.0,3,Quận Cầu Giấy
Thỏa thuận,89.0,2,Quận Nam Từ Liêm
7.2,87.0,2,Quận Nam Từ Liêm
6.6,132.0,3,Hà Nội
9.9,198.0,4,Quận Nam Từ Liêm
4.2,69.0,2,Quận Tây Hồ
3.55,80.0,1,Quận Cầu Giấy
Thỏa thuận,,,T6 Ngoại Giao Đoàn
3.45,78.0,,Quận Hoàng Mai
3.8,71.0,2,Quận Cầu Giấy
7.5,,,Quận Thanh Xuân
3.95,82.0,3,Phùng Khoang
12.1,144.5,3,Quận Cầu Giấy
7.1,100.0,3,Quận Cầu Giấy
29 Triệu/m²,57.0,2,Huyện Thạch Thất
5.4,86.0,3,Quận Nam Từ Liêm
7.5,153.0,,Quận Cầu Giấy
5.57,71.0,2,Quận Cầu Giấy
7,135.0,3,Quận Nam Từ Liêm
4.5,70.0,2,Quận Nam Từ Liêm
6.45,94.0,,Quận Bắc Từ Liêm
5.3,89.0,3,99 Trần Bình
4.35,97.0,3,Quận Nam Từ Liêm
6.2,82.0,,Quận Cầu Giấy
3.6,70.0,2,Quận Cầu Giấy
8,140.0,3,Nguyễn Chánh
5 Triệu,30.0,,Huyện Ba Vì
4.1,85.0,3,Quận Nam Từ Liêm
8.2,99.6,,Quận Cầu Giấy
5.9,72.0,2,Quận Cầu Giấy
6.7,89.0,,Quận Nam Từ Liêm
5.9,76.2,,Quận Cầu Giấy
5,65.0,2,Quận Cầu Giấy
4.18,82.7,2,Bộ Công An
10.2,108.0,,Quận Nam Từ Liêm
4,62.0,2,Quận Cầu Giấy
6,103.0,3,Quận Nam Từ Liêm
7.1,71.0,,Quận Nam Từ Liêm
Thỏa thuận,76.0,,Quận Hà Đông
3.9,90.0,3,Quận Thanh Xuân
7.6,101.0,2,88 Láng Hạ
4.3,90.0,3,Quận Thanh Xuân
3.7,74.0,,Quận Nam Từ Liêm
11.2,134.0,4,Quận Thanh Xuân
8.6,110.0,,Quận Cầu Giấy
3.5,60.0,,Quận Nam Từ Liêm
6.3,97.0,2,Quận Cầu Giấy
Thỏa thuận,,,Quận Nam Từ Liêm
5.7,73.0,2,Quận Nam Từ Liêm
5250,116.0,,Quận Nam Từ Liêm
7,90.0,,Quận Nam Từ Liêm
3.7,68.0,2,Ciputra
4.6,74.0,2,Quận Nam Từ Liêm
19,200.0,,Quận Nam Từ Liêm
4.45,70.0,2,Quận Nam Từ Liêm
9.9,132.0,44,Quận Bắc Từ Liêm
4.5,69.0,,Quận Nam Từ Liêm
12.2,104.0,3,Quảng An
5.3,100.0,3,Quận Cầu Giấy
6.2,90.0,3,Quận Bắc Từ Liêm
6.8,133.0,2,Quận Nam Từ Liêm
4.7,80.0,2,Quận Nam Từ Liêm
10.5,108.0,,Quận Nam Từ Liêm
9.8,134.5,,Quận Cầu Giấy
Thỏa thuận,,,Quận Nam Từ Liêm
6,109.0,3,Quận Bắc Từ Liêm
8,117.0,3,Quận Nam Từ Liêm
4.6,84.0,2,Quận Long Biên
1.8,43.0,1,Quận Bắc Từ Liêm
38 Triệu/m²,83.0,,Quận Hà Đông
9.8,134.5,,Quận Cầu Giấy
5.46,89.0,3,99 Trần Bình
3.2,83.0,3,Quận Hoàng Mai
7.3,117.0,3,Quận Nam Từ Liêm
3.35,70.0,2,Quận Bắc Từ Liêm
6.5,88.0,,T7 Ngoại Giao Đoàn
6.5,74.5,,Quận Nam Từ Liêm
23,210.0,,Quận Nam Từ Liêm
Thỏa thuận,127.0,3,Quận Cầu Giấy
Thỏa thuận,79.0,,Quận Bắc Từ Liêm
10.2,173.0,,Quận Nam Từ Liêm
7.1,80.0,,Quận Nam Từ Liêm
3,80.0,3,Tứ Hiệp
Thỏa thuận,79.0,,Quận Bắc Từ Liêm
7.9,93.0,3,Quận Nam Từ Liêm
2.5,73.0,,Quận Hà Đông
6.2,86.0,2,Quận Cầu Giấy
Thỏa thuận,103.0,3,Quận Nam Từ Liêm
18,155.0,,Quận Nam Từ Liêm
8.1,103.0,,Quận Cầu Giấy
7400000000,117.0,,Quận Cầu Giấy
9.8,161.0,,Quận Nam Từ Liêm
6.5,117.0,,Quận Nam Từ Liêm
2.8,79.0,3,Tứ Hiệp
22,220.0,4,Quận Nam Từ Liêm
4.2 Triệu/m²,76.0,2,Quận Hoàng Mai
12.5,171.6,,Quận Cầu Giấy
Thỏa thuận,162.0,,Quận Nam Từ Liêm
10.2,111.0,,Quận Nam Từ Liêm
15.1,130.0,,Quận Nam Từ Liêm
17.5 Triệu,105.0,3,Quận Thanh Xuân
8.2,81.0,,Quận Nam Từ Liêm
5.1,88.0,,Quận Nam Từ Liêm
4,56.0,2,Quận Đống Đa
4.85,83.0,,Quận Nam Từ Liêm
6.7,133.0,2,Quận Nam Từ Liêm
5.3,83.3,,Quận Nam Từ Liêm
4.5,90.0,3,Quận Thanh Xuân
Thỏa thuận,,,Quận Nam Từ Liêm
4.2,61.5,,Quận Nam Từ Liêm
7.6,130.0,,Quận Nam Từ Liêm
2.2,67.0,2,Quận Bắc Từ Liêm
2.55,76.0,2,Huyện Thanh Trì
5.3,83.0,3,Quận Nam Từ Liêm
7,75.0,,Quận Nam Từ Liêm
6.6,113.0,2,Quận Nam Từ Liêm
Thỏa thuận,76.0,2,Quận Nam Từ Liêm
4.7,83.0,,Quận Nam Từ Liêm
7.05,112.0,3,Quận Bắc Từ Liêm
4249999.87,74.0,,Quận Nam Từ Liêm
Thỏa thuận,100.0,3,Quận Cầu Giấy
3.5,60.0,,Quận Nam Từ Liêm
6.6,98.0,3,Quận Bắc Từ Liêm
8,117.0,3,Quận Nam Từ Liêm
3.5,63.0,,Quận Nam Từ Liêm
3.45,51.0,2,Quận Cầu Giấy
17.5,228.0,4,T1 Ngoại Giao Đoàn
4.15,67.0,2,Quận Nam Từ Liêm
Thỏa thuận,156.0,3,Quận Nam Từ Liêm
5.5,105.0,,Quận Nam Từ Liêm
8.7,106.0,3,Quận Nam Từ Liêm
Thỏa thuận,87.0,2,Quận Cầu Giấy
7.5,85.0,,Quận Nam Từ Liêm
6.5,75.7,2,Quận Cầu Giấy
15.8,130.0,,Quận Nam Từ Liêm
2.8,64.0,2,Huyện Đông Anh
3,66.0,2,Huyện Thanh Trì
7.2,114.0,3,Quận Nam Từ Liêm
4.35,77.0,3,Quận Cầu Giấy
1.5,31.0,,Huyện Gia Lâm
4.6,96.5,,Trung Văn
5.7,76.0,2,Quận Cầu Giấy
4.8,111.0,3,Quận Bắc Từ Liêm
5.3,90.0,,Quận Cầu Giấy
7,,,Quận Nam Từ Liêm
4.3,100.0,,Bộ Công An
5.1,120.0,3,Quận Nam Từ Liêm
8.2,105.0,3,Quận Nam Từ Liêm
3.5,75.0,2,Quận Bắc Từ Liêm
8,161.0,4,Quận Bắc Từ Liêm
4.8,83.0,,Quận Nam Từ Liêm
Thỏa thuận,68.0,,Quận Hoàng Mai
1.95,35.0,,Quận Nam Từ Liêm
7.8,111.4,3,Quảng An
51000000 Triệu/m²,106.0,,Quận Nam Từ Liêm
4.3,96.3,,Quận Nam Từ Liêm
5.2,95.0,2,Quận Nam Từ Liêm
5.3,95.0,,Quận Bắc Từ Liêm
7.8,153.0,,Quận Cầu Giấy
9,182.0,,Quận Nam Từ Liêm
4.4,87.0,3,Nhân Chính
2.6,80.0,3,Quận Hoàng Mai
62,89.0,,Quận Nam Từ Liêm
7,117.0,,Quận Nam Từ Liêm
Thỏa thuận,68.0,,Quận Hoàng Mai
5,65.0,2,Quận Cầu Giấy
6.15,90.0,3,T8 Ngoại Giao Đoàn
4.1,62.0,,Quận Nam Từ Liêm
5.1,86.0,3,Quận Nam Từ Liêm
4.35,87.0,,Bộ Công An
5.5,110.0,3,Quận Nam Từ Liêm
3.50,75.0,,Quận Bắc Từ Liêm
80 Triệu/m²,72.7,,Quận Nam Từ Liêm
7.2,97.4,3,Quận Cầu Giấy
10,191.0,,Quận Nam Từ Liêm
5.35,107.0,3,Quận Nam Từ Liêm
6.8,88.0,,Quận Hai Bà Trưng
45,252.0,4,Quận Tây Hồ
3.44,73.0,2,Quận Long Biên
11,114.0,,Quận Nam Từ Liêm
2.7,66.0,2,Huyện Thanh Trì
6.7,115.0,,Quận Thanh Xuân
6.5,89.0,2,Quận Nam Từ Liêm
7.85,104.0,3,Quận Bắc Từ Liêm
6.5,77.5,2,Quận Cầu Giấy
2.8,69.0,,Quận Nam Từ Liêm
10.5,136.0,,Quận Thanh Xuân
6.5,96.0,3,Nhân Chính
6.2,132.0,4,Sudico
3.05,83.0,3,Quận Hà Đông
4.5,97.0,2,Quận Thanh Xuân
8.15,145.0,3,Quận Thanh Xuân
6.2,109.0,4,Quận Bắc Từ Liêm
3.9,105.0,2,Quận Thanh Xuân
6.7,110.0,,Quận Cầu Giấy
11.8,181.0,4,Quận Long Biên
17.5,137.0,,Quận Nam Từ Liêm
12.7,285.0,4,Quận Thanh Xuân
4.85,98.0,3,Huyện Thanh Trì
5.4,,,Quận Nam Từ Liêm
8.9,95.0,3,Quận Cầu Giấy
4.1,62.0,2,Quận Nam Từ Liêm
5.7,112.0,,Quận Nam Từ Liêm
5.2,91.0,,99 Trần Bình
6.9,156.0,,Quận Nam Từ Liêm
4.35,83.0,,Quận Bắc Từ Liêm
5.7,111.0,4,Quận Bắc Từ Liêm
60 Triệu/m²,69.0,,Quận Nam Từ Liêm
2.7,46.0,2,Quận Đống Đa
3.3,70.0,,Quận Nam Từ Liêm
54.5 Triệu/m²,124.0,4,Quận Nam Từ Liêm
5.25,76.2,,Quận Cầu Giấy
4.8,94.0,3,Quận Nam Từ Liêm
5.4,109.0,3,Quận Hà Đông
6.2,160.0,,Quận Nam Từ Liêm
26,266.7,,Quận Cầu Giấy
10.2,168.0,3,Quận Tây Hồ
6.9,156.0,,Quận Nam Từ Liêm
7000000000,164.0,,Quận Nam Từ Liêm
5.7,111.0,,Quận Cầu Giấy
9,105.0,3,Quận Cầu Giấy
6.15,83.0,,Quận Bắc Từ Liêm
4.35,90.0,3,Quận Thanh Xuân
5.40,80.0,2,Quận Long Biên
10.8,148.0,4,Quận Tây Hồ
6.3,105.0,3,Quận Hà Đông
2.91,81.0,2,Quận Hà Đông
2.3,30.0,1,Quận Long Biên
Thỏa thuận,91.5,,Quận Cầu Giấy
3,86.0,3,Quận Hoàng Mai
Thỏa thuận,105.0,3,Quận Cầu Giấy
4.6,83.0,,Quận Nam Từ Liêm
6.00,90.0,,Quận Bắc Từ Liêm
6.25,126.0,3,Quận Tây Hồ
3.55,75.0,3,Huyện Gia Lâm
Thỏa thuận,144.0,,Quận Cầu Giấy
3.95,110.0,3,Quận Long Biên
48 Triệu/m²,152.0,,Quận Nam Từ Liêm
4.7,85.0,2,Quận Hà Đông
26.5,401.0,5,Quận Đống Đa
5.68,99.0,3,Quận Thanh Xuân
4.66,80.0,3,Quận Nam Từ Liêm
5.8,110.0,3,Quận Long Biên
3.88,121.0,4,Quận Hà Đông
4.1,76.0,2,Quận Cầu Giấy
2.55,43.0,1,Huyện Gia Lâm
22,200.0,,Quận Nam Từ Liêm
6.25,88.0,2,Quận Nam Từ Liêm
4.2,93.0,3,Quận Bắc Từ Liêm
3.15,54.0,,Quận Bắc Từ Liêm
3.4,78.0,3,Nhân Chính
47 Triệu/m²,120.0,3,Quận Nam Từ Liêm
3.55,75.0,3,Huyện Gia Lâm
8,93.0,,Quận Cầu Giấy
47.5,468.0,6,Quận Nam Từ Liêm
12,130.0,4,Quận Nam Từ Liêm
4,61.0,2,A14 Nam Trung Yên
4.50,114.0,5,Quận Hà Đông
6.7,135.0,,Quận Nam Từ Liêm
4,62.0,,Quận Nam Từ Liêm
6.9,110.0,3,Quận Long Biên
7.5,114.0,3,Quận Tây Hồ
5.6,81.0,,Quận Nam Từ Liêm
2.55,55.0,2,Huyện Gia Lâm
3.5,75.0,3,Quận Bắc Từ Liêm
6.6,137.0,3,Quận Hà Đông
2.90,63.0,2,Huyện Gia Lâm
6.9,83.0,3,Quận Cầu Giấy
106,457.0,5,Quận Ba Đình
4.35,97.0,,Quận Nam Từ Liêm
5.9,123.0,3,Quận Hà Đông
4.8,80.0,3,Quận Nam Từ Liêm
8.3,110.0,3,Quận Thanh Xuân
6.2,,3,Quận Nam Từ Liêm
5.3,94.0,2,Quận Bắc Từ Liêm
8.3,,3,Quận Thanh Xuân
3.6,70.8,,Quận Cầu Giấy
Thỏa thuận,105.0,3,Quận Cầu Giấy
Thỏa thuận,102.0,3,Quận Cầu Giấy
2.18,43.0,1,Huyện Gia Lâm
4.1,66.0,2,A14 Nam Trung Yên
6.7,154.0,3,Quận Hà Đông
11,112.0,3,Quận Nam Từ Liêm
5.5,83.0,,Quận Nam Từ Liêm
16,414.0,5,Quận Hà Đông
8.4,139.0,4,Quận Thanh Xuân
23.5,270.0,,Quận Thanh Xuân
7,98.8,2,Quận Thanh Xuân
3.8,67.0,2,Quận Bắc Từ Liêm
3.65,71.0,,Quận Bắc Từ Liêm
38,383.0,,Quận Thanh Xuân
9.8,112.0,,Quận Thanh Xuân
4.8,80.0,3,Quận Nam Từ Liêm
4.8,80.0,3,Hà Nội
5,65.0,,Quận Nam Từ Liêm
7.3,117.0,3,Quận Bắc Từ Liêm
4.55,44.0,,Quận Nam Từ Liêm
Thỏa thuận,,,Quận Nam Từ Liêm
7.10,102.0,,Quận Bắc Từ Liêm
7,104.0,,Quận Cầu Giấy
4.05,75.0,2,Ciputra
4.1,62.0,,Quận Nam Từ Liêm
6.2,105.0,3,Quận Hà Đông
4.5,101.0,3,Quận Bắc Từ Liêm
4.5,76.0,2,Quận Hà Đông
6.85,82.0,2,Quận Nam Từ Liêm
60 Triệu/m²,124.3,,Quận Nam Từ Liêm
5,87.0,,Quận Nam Từ Liêm
8.5,123.6,,Quận Cầu Giấy
4.5,83.0,,Quận Nam Từ Liêm
5.4,,3,Quận Nam Từ Liêm
16,137.0,3,Quận Đống Đa
6.6,128.0,,Quận Nam Từ Liêm
Thỏa thuận,90.0,,Quận Nam Từ Liêm
8.8,126.0,3,Quận Cầu Giấy
Thỏa thuận,124.0,3,Quận Nam Từ Liêm
4.26,71.0,,Quận Bắc Từ Liêm
110 Triệu/m²,71.0,,Quận Nam Từ Liêm
6.2,112.6,,Quận Nam Từ Liêm
6.2,104.0,3,Quận Nam Từ Liêm
3.38,75.0,3,Huyện Gia Lâm
Thỏa thuận,144.0,2,Quận Nam Từ Liêm
6,135.0,,Bộ Công An
2.85,63.0,2,Huyện Gia Lâm
6.5,101.0,4,Quận Nam Từ Liêm
Thỏa thuận,,3,Quận Cầu Giấy
3.08,61.0,2,Quận Long Biên
8,99.6,,Quận Cầu Giấy
72.3 Triệu/m²,83.0,,Quận Bắc Từ Liêm
65 Triệu/m²,127.0,3,Quận Cầu Giấy
3.00,63.0,2,Huyện Gia Lâm
2.50,55.0,2,Huyện Gia Lâm
19,210.0,4,T5 Ngoại Giao Đoàn
3,63.0,2,Quận Hà Đông
3.9,67.0,2,Quận Long Biên
2.40,48.0,,Huyện Gia Lâm
5.55,80.0,3,Quận Tây Hồ
2.18,43.0,1,Huyện Gia Lâm
4.1,105.0,3,Quận Nam Từ Liêm
52 Triệu/m²,168.0,3,Quận Thanh Xuân
7.3,84.0,,Quận Cầu Giấy
3,70.7,,Quận Cầu Giấy
16.5,157.0,3,Quận Bắc Từ Liêm
7.3,97.0,2,Quận Cầu Giấy
17,303.0,4,Quận Cầu Giấy
6.7,154.0,3,Quận Hà Đông
6.3,89.0,,Quận Nam Từ Liêm
2.44,55.0,2,Huyện Gia Lâm
2.90,63.0,2,Huyện Gia Lâm
5.4,99.0,3,Quận Tây Hồ
8.55,117.0,3,Quận Cầu Giấy
7.5,147.0,3,GP Building
Thỏa thuận,98.0,,Quận Cầu Giấy
Thỏa thuận,102.0,,Quận Nam Từ Liêm
4.7,80.0,2,Quận Nam Từ Liêm
3,51.0,,Quận Cầu Giấy
6.3,,,Quận Nam Từ Liêm
4.83,82.0,3,Quận Thanh Xuân
45 Triệu/m²,65.0,2,Quận Nam Từ Liêm
3.5,100.0,3,Quận Long Biên
Thỏa thuận,,,Huyện Gia Lâm
7.3,93.0,,Quận Cầu Giấy
7.1,172.0,3,Quận Hà Đông
12.4,198.0,3,Quận Cầu Giấy
5.45,103.0,2,Quận Cầu Giấy
5.65,73.0,,Quận Nam Từ Liêm
6,95.0,,Quận Ba Đình
Thỏa thuận,108.0,3,Quận Cầu Giấy
6.05,104.0,3,Quận Thanh Xuân
4.9,101.0,3,Quận Tây Hồ
4.2,70.0,2,Quận Bắc Từ Liêm
4.2,73.0,,Di Trạch
Thỏa thuận,104.0,3,Quận Nam Từ Liêm
2.15,43.0,,Huyện Gia Lâm
6.5,102.0,3,Quận Thanh Xuân
46 Triệu/m²,80.4,2,Quận Cầu Giấy
Thỏa thuận,83.0,3,Quận Nam Từ Liêm
4.7,115.0,,Quận Nam Từ Liêm
9.1,96.0,3,Quận Cầu Giấy
53 Triệu/m²,143.0,3,Nhân Chính
47,77.0,2,Quận Thanh Xuân
Thỏa thuận,96.5,3,Quận Nam Từ Liêm
3.44,73.0,2,Quận Long Biên
2.45,55.0,,Huyện Gia Lâm
3.95,80.0,3,Quận Cầu Giấy
2.82,63.0,2,Huyện Gia Lâm
6.2,135.0,3,Bắc Hà
16,303.0,4,Quận Thanh Xuân
2.40,55.0,2,Huyện Gia Lâm
3.6,64.0,2,Quận Long Biên
3.7,72.0,2,Quận Cầu Giấy
9.7,130.0,,Quận Nam Từ Liêm
50 Triệu/m²,65.0,,Quận Nam Từ Liêm
7.2,105.0,3,Quận Cầu Giấy
4.8,80.0,3,Quận Nam Từ Liêm
3.9,98.0,2,Quận Cầu Giấy
5,80.0,2,Quận Cầu Giấy
Thỏa thuận,118.0,,Quận Nam Từ Liêm
Thỏa thuận,105.0,3,Quận Nam Từ Liêm
53 Triệu/m²,226.0,,Quận Nam Từ Liêm
8,150.0,3,Huyện Thanh Trì
6.9,122.0,3,Quận Thanh Xuân
2.2,67.0,2,Quận Bắc Từ Liêm
4.2,74.0,2,Quận Nam Từ Liêm
7.5,106.0,3,Quận Đống Đa
5.9,87.0,2,Quận Cầu Giấy
4.85,64.0,2,Quận Đống Đa
4.3,85.0,3,Quận Thanh Xuân
Thỏa thuận,142.0,3,Quận Cầu Giấy
7.6,,3,Quận Nam Từ Liêm
7.6,109.0,,Quận Thanh Xuân
7.3,98.0,,Quận Cầu Giấy
39,500.0,,Quận Thanh Xuân
7,156.0,,Quận Nam Từ Liêm
7.3,135.0,3,Quận Nam Từ Liêm
6,83.0,3,Quận Bắc Từ Liêm
Thỏa thuận,106.0,,Quận Nam Từ Liêm
7.5,108.0,,Quận Thanh Xuân
5.5,120.0,,Quận Nam Từ Liêm
Thỏa thuận,133.0,2,Quận Nam Từ Liêm
4.1,60.0,2,Quận Hà Đông
5.7,63.0,2,Quận Cầu Giấy
5.8,80.0,,Quận Nam Từ Liêm
8.5,94.0,,Quận Thanh Xuân
6,83.0,3,Quận Nam Từ Liêm
4.7,55.0,,Quận Thanh Xuân
10.5,130.0,3,Quận Đống Đa
5.99,88.0,,Quận Nam Từ Liêm
8.4,139.6,4,Quận Thanh Xuân
7.2,118.0,3,Quận Cầu Giấy
2.65,58.0,,Quận Nam Từ Liêm
3.2,93.0,3,Quận Bắc Từ Liêm
7.1,131.0,3,Nhân Chính
41 Triệu/m²,105.0,3,Quận Nam Từ Liêm
5.5,120.0,,Quận Nam Từ Liêm
4,82.0,3,Quận Ba Đình
4.1,73.0,2,Quận Hai Bà Trưng
8.3,150.0,4,Quận Bắc Từ Liêm
38 Triệu/m²,105.0,3,Quận Nam Từ Liêm
8,127.0,3,Quận Thanh Xuân
5,113.0,3,Quận Hà Đông
8.35,84.0,2,Quận Ba Đình
6.8,122.0,3,Quận Hà Đông
50 Triệu/m²,65.0,,Quận Nam Từ Liêm
23.8,270.0,,Quận Thanh Xuân
Thỏa thuận,,3,Quận Thanh Xuân
5.8,77.0,2,Quận Cầu Giấy
4.4,68.0,2,Quận Cầu Giấy
7.1,122.0,3,Quận Hà Đông
4.5,92.0,3,Quận Tây Hồ
Thỏa thuận,110.0,,Quận Hai Bà Trưng
4,52.0,1,Quận Nam Từ Liêm
12.9,300.0,,Quận Thanh Xuân
5.35,97.0,2,Quận Hà Đông
7.4,135.0,,Quận Nam Từ Liêm
8,127.0,3,T3 Ngoại Giao Đoàn
2.76,63.0,2,Huyện Gia Lâm
4.6,85.3,2,Quận Hà Đông
70 Triệu/m²,128.0,3,HACC1 Complex Building
4.8,80.0,3,Quận Nam Từ Liêm
Thỏa thuận,129.0,3,Quận Hà Đông
7.2,98.0,,Quận Cầu Giấy
4,106.0,,Quận Nam Từ Liêm
49 Triệu/m²,69.0,,Quận Nam Từ Liêm
6.75,135.0,3,Quận Nam Từ Liêm
5.3,76.0,,Quận Cầu Giấy
5.5,85.0,,Quận Nam Từ Liêm
2.8,73.0,,Quận Long Biên
2.9,63.0,2,Quận Hà Đông
7.8,104.0,,Quận Nam Từ Liêm
11.8,146.0,3,Quảng An
4.50,76.0,3,Huyện Gia Lâm
5.45,104.0,3,Quận Nam Từ Liêm
8,161.0,,Quận Nam Từ Liêm
5.4,120.0,,Quận Nam Từ Liêm
5.3,88.8,,Quận Cầu Giấy
4.2,73.0,2,Di Trạch
3700000,63.0,,Quận Thanh Xuân
4.5,75.0,,Quận Nam Từ Liêm
14.8,202.0,3,Quận Cầu Giấy
6.6,113.0,,Quận Nam Từ Liêm
2.65,47.0,1,Huyện Gia Lâm
5.4,159.0,,Quận Nam Từ Liêm
8.3,139.6,4,Quận Thanh Xuân
4.20,103.0,3,Quận Hà Đông
5,124.0,3,Quận Nam Từ Liêm
50 Triệu/m²,105.0,,Quận Nam Từ Liêm
8.25,118.0,3,Quận Thanh Xuân
109,164.0,3,Quận Hoàn Kiếm
4.95,87.0,3,Quận Nam Từ Liêm
7.35,120.0,3,Quận Cầu Giấy
7,35.0,,Quận Cầu Giấy
4.15,86.0,2,Quận Cầu Giấy
8.8,126.0,3,Quận Cầu Giấy
3.2,87.0,3,Quận Bắc Từ Liêm
1.55,30.0,1,Quận Hoàn Kiếm
7,70.0,,Quận Nam Từ Liêm
3.55,94.0,3,Quận Bắc Từ Liêm
4.95,80.0,2,Quận Long Biên
5.8,215.0,3,Quận Hà Đông
4.6,126.0,,Quận Nam Từ Liêm
4.3,100.0,3,Bộ Công An
90,131.0,3,Quận Hoàn Kiếm
6.8,92.0,2,Quận Nam Từ Liêm
6,71.0,2,Quận Cầu Giấy
4.2,71.0,2,Quận Ba Đình
Thỏa thuận,107.0,,Quận Nam Từ Liêm
3.85,79.0,3,Quận Long Biên
4.6,106.0,3,Quận Nam Từ Liêm
6.1,111.0,3,Quận Ba Đình
2.75,75.0,2,Quận Long Biên
16000000000,170.0,,Quận Nam Từ Liêm
4.2,90.0,3,Quận Thanh Xuân
1.98,43.0,1,Huyện Gia Lâm
16.8,331.0,5,Quận Cầu Giấy
7.1,102.0,3,T5 Ngoại Giao Đoàn
60 Triệu/m²,124.3,,Quận Nam Từ Liêm
6.65,119.0,3,Quận Bắc Từ Liêm
2.65,80.0,3,Quận Đống Đa
6,72.0,,Quận Nam Từ Liêm
Thỏa thuận,42.0,,Quận Thanh Xuân
5.6,80.0,,Quận Nam Từ Liêm
3.20,75.0,3,Hà Nội
3.88,70.0,2,Quận Ba Đình
4.2,70.0,,Quận Nam Từ Liêm
4.6,46.0,,Quận Nam Từ Liêm
2.9,45.7,1,Quận Nam Từ Liêm
10,135.0,3,Quận Cầu Giấy
5.4,102.0,3,Quận Cầu Giấy
7.7,84.0,,Quận Nam Từ Liêm
5.45,105.0,,Quận Hai Bà Trưng
7.1,102.0,,Quận Thanh Xuân
8.4,100.0,2,Quận Cầu Giấy
3.55,69.0,,Quận Nam Từ Liêm
5.75,78.0,2,Quận Tây Hồ
5.8,123.7,3,Quận Hà Đông
4.5,80.0,,Quận Nam Từ Liêm
7.6,105.0,,Quận Thanh Xuân
7.5,135.0,3,Quận Thanh Xuân
85 Triệu/m²,158.0,,Quận Cầu Giấy
8.56,97.3,3,Quận Thanh Xuân
4.9,75.0,2,T8 Ngoại Giao Đoàn
5.6,104.0,,Quận Nam Từ Liêm
2.35,66.0,2,Quận Bắc Từ Liêm
3.05,56.0,,Quận Cầu Giấy
5.7,78.0,2,Quận Tây Hồ
4.36,85.0,3,Quận Long Biên
8.9,,,Quận Thanh Xuân
6,,,Quận Thanh Xuân
Thỏa thuận,102.0,3,Quận Cầu Giấy
2.8,49.0,1,Quận Nam Từ Liêm
6,81.0,2,Quận Cầu Giấy
5.15,110.0,3,Quận Cầu Giấy
7.2,82.0,4,Quận Nam Từ Liêm
3.2,68.6,5,Quận Hoàng Mai
Thỏa thuận,108.0,,Quận Nam Từ Liêm
4.4,122.0,3,Nhân Chính
8.6,100.0,3,Quận Cầu Giấy
6.3,160.0,,Quận Nam Từ Liêm
7.3,93.0,3,Quận Cầu Giấy
11.6,147.0,3,Ciputra
5.15,90.0,3,Quận Thanh Xuân
5.8,63.0,2,Quận Cầu Giấy
5.7,128.0,3,Quận Hà Đông
9.2,,,Quận Nam Từ Liêm
3.55,62.0,2,Quận Cầu Giấy
3.5,51.0,2,Quận Tây Hồ
4.2,74.0,2,Quận Nam Từ Liêm
5.4,94.0,2,Quận Bắc Từ Liêm
Thỏa thuận,100.0,3,Quận Cầu Giấy
3.6,68.0,,Quận Bắc Từ Liêm
3.8,65.0,,Quận Thanh Xuân
5.5,104.0,3,Quận Nam Từ Liêm
52 Triệu/m²,182.0,3,Quận Nam Từ Liêm
5.2,93.3,,Huyện Gia Lâm
7.5,153.0,,Quận Nam Từ Liêm
4.65,80.0,3,Nhân Chính
Thỏa thuận,104.0,3,Quận Nam Từ Liêm
3.35,66.0,2,Quận Hai Bà Trưng
9.8,120.0,,Quận Hai Bà Trưng
Thỏa thuận,182.0,4,Quận Nam Từ Liêm
5.5,95.0,3,Quận Tây Hồ
13.3,60.0,18,Quận Cầu Giấy
6.4,73.0,2,Quận Nam Từ Liêm
Thỏa thuận,112.6,2,Quận Nam Từ Liêm
Thỏa thuận,104.0,2,Quận Nam Từ Liêm
6.8,98.0,,Quận Cầu Giấy
5.6,104.0,,Quận Nam Từ Liêm
7 Triệu,,,Quận Nam Từ Liêm
7.4,110.0,,Quận Hai Bà Trưng
3.44,60.0,2,Quận Long Biên
5.5,63.0,2,Quận Nam Từ Liêm
Thỏa thuận,92.0,,Quận Bắc Từ Liêm
2.2,92.0,3,Quận Bắc Từ Liêm
Thỏa thuận,,,Huyện Gia Lâm
34 Triệu/m²,105.5,3,Quận Nam Từ Liêm
4.9,83.0,3,Quận Nam Từ Liêm
4.75,92.0,3,Quận Bắc Từ Liêm
2.1,50.0,2,Quận Hai Bà Trưng
Thỏa thuận,182.0,4,Quận Nam Từ Liêm
3.20,75.0,3,Huyện Gia Lâm
5.3,104.0,3,Quận Nam Từ Liêm
3,60.0,,Nhân Chính
5.8,68.0,,Quận Nam Từ Liêm
3.5,78.0,3,Quận Hoàng Mai
5.3,143.0,3,Quận Nam Từ Liêm
1.95,43.0,,Huyện Gia Lâm
6.57,88.0,,Quận Nam Từ Liêm
3.96,68.0,2,Quận Ba Đình
3.2,63.0,,Nhân Chính
6.1,137.0,3,Quận Hà Đông
10.5,131.0,,Quận Thanh Xuân
Thỏa thuận,133.0,2,Quận Nam Từ Liêm
2.7,56.0,,Huyện Gia Lâm
4.6,86.0,3,Quận Bắc Từ Liêm
3.45,72.0,2,Huyện Đông Anh
6.96,132.0,4,Sudico
6.5,98.0,3,Quận Nam Từ Liêm
7.6,85.0,3,Quận Cầu Giấy
12,164.0,,Quận Thanh Xuân
5.25,86.0,3,Quận Nam Từ Liêm
5.6,803.0,2,Quận Bắc Từ Liêm
Thỏa thuận,135.0,3,Quận Nam Từ Liêm
74 Triệu/m²,128.0,,Quận Cầu Giấy
4.05,62.0,2,Quận Nam Từ Liêm
1.2,65.0,,Quận Long Biên
8.5,120.8,3,Quận Cầu Giấy
10,112.0,2,Quận Nam Từ Liêm
17 Triệu,95.0,2,Quận Thanh Xuân
11.5,170.0,,Quận Thanh Xuân
76 Triệu/m²,172.0,,Quận Cầu Giấy
11.2,151.6,4,Quận Thanh Xuân
45 Triệu/m²,90.0,2,Quận Hà Đông
9.3,182.0,4,Quận Nam Từ Liêm
3.5,52.0,,Quận Cầu Giấy
6.5,108.0,3,Quận Nam Từ Liêm
5.9,63.0,2,Quận Cầu Giấy
Thỏa thuận,,,Quận Thanh Xuân
6.3,118.0,3,Quận Hà Đông
8.5,98.0,,Quận Cầu Giấy
5.8,116.0,,Quận Nam Từ Liêm
75 Triệu/m²,128.0,,Quận Cầu Giấy
5.68,79.0,2,Quận Cầu Giấy
2.88,65.0,2,Huyện Gia Lâm
4.5,96.0,3,Trung Văn
5.3,76.0,2,Quận Nam Từ Liêm
3.80 Triệu/m²,95.0,3,Quận Hà Đông
3.5,62.0,,Quận Nam Từ Liêm
7.4,105.0,,Quận Thanh Xuân
7.4,90.0,,Quận Nam Từ Liêm
76 Triệu/m²,130.0,,Quận Cầu Giấy
15,181.0,,Quận Thanh Xuân
10,97.0,3,Quận Ba Đình
7,93.6,,Quận Nam Từ Liêm
5.9,101.0,,Quận Nam Từ Liêm
3.59,108.0,3,Quận Hà Đông
3,70.0,2,Quận Long Biên
8.6,138.0,3,Quận Cầu Giấy
Thỏa thuận,108.0,,Hà Nội
4,83.4,3,Quận Long Biên
2.6,77.0,2,Huyện Thanh Trì
2.87,92.0,3,Quận Bắc Từ Liêm
6,111.0,3,Quận Ba Đình
2.6,70.0,2,Quận Hà Đông
6.6,154.0,3,Quận Hà Đông
Thỏa thuận,133.0,3,Quận Hà Đông
3.4,58.0,,Quận Hoàng Mai
5.8,105.0,,Quận Nam Từ Liêm
3.18,75.0,,Huyện Gia Lâm
4.5,75.0,,Quận Nam Từ Liêm
5.5,88.0,2,Quận Đống Đa
6.3,105.0,3,Quận Hà Đông
Thỏa thuận,146.0,3,Quảng An
10,191.0,4,Quận Nam Từ Liêm
21.85,160.0,4,Quận Tây Hồ
2.9,48.0,1,Quận Hoàng Mai
5.3,74.0,2,Quận Cầu Giấy
5.3,90.0,3,Quận Cầu Giấy
4,67.0,2,Quận Nam Từ Liêm
8.1,131.0,,Quận Thanh Xuân
5.2,96.0,3,Quận Nam Từ Liêm
80 Triệu,266.0,,Quận Cầu Giấy
2.35,55.0,2,Huyện Gia Lâm
2.9,45.7,1,Quận Nam Từ Liêm
4.4,75.0,2,Quận Hà Đông
9.35,96.4,,Quận Nam Từ Liêm
8.1,110.0,3,Quận Cầu Giấy
3.4,58.0,2,Quận Hoàng Mai
5.5,114.0,3,Quận Hà Đông
Thỏa thuận,92.0,3,Quận Bắc Từ Liêm
17,152.0,,Quận Nam Từ Liêm
3.9,86.0,,Quận Nam Từ Liêm
6.2,114.0,2,Quận Ba Đình
4.95,87.0,2,299 Cầu Giấy
4.3,89.5,,Quận Hoàng Mai
1.91,60.0,2,Quận Hai Bà Trưng
6.7,125.0,4,Quận Nam Từ Liêm
4,95.0,3,Bộ Công An
6.85,102.0,3,A14 Nam Trung Yên
3.4,81.0,,Quận Nam Từ Liêm
6.1,75.7,2,Quận Cầu Giấy
7.05,110.0,,Quận Nam Từ Liêm
6.35,95.0,3,Quận Thanh Xuân
1.63,92.0,3,Quận Bắc Từ Liêm
4.5,75.0,2,Quận Hà Đông
14.5,160.0,4,Quận Tây Hồ
Thỏa thuận,92.0,3,Quận Bắc Từ Liêm
5.5,,3,Quận Nam Từ Liêm
5.1,95.0,3,Bắc Hà Tower
6.8,146.0,3,Quận Hà Đông
Thỏa thuận,,,Quận Thanh Xuân
8.1,95.0,3,Quận Cầu Giấy
7.6,,,Quận Đống Đa
1.5,57.0,2,Quận Thanh Xuân
6.4,93.0,3,Quận Đống Đa
24,270.0,,Quận Thanh Xuân
4.8,83.0,2,Quận Nam Từ Liêm
1.9,45.0,2,Quận Hoàng Mai
3.8,77.0,2,Quận Bắc Từ Liêm
33 Triệu/m²,160.0,3,Nhân Chính
9.8,102.0,,Quận Đống Đa
7.1,85.0,,Hà Nội
5,96.0,3,Quận Nam Từ Liêm
8,140.0,3,Quận Thanh Xuân
1.63,92.0,,Quận Bắc Từ Liêm
14.8,181.0,,Quận Thanh Xuân
6.3,85.0,3,Quận Bắc Từ Liêm
4.70,80.0,3,Huyện Hoài Đức
2.2,80.0,2,Quận Hoàng Mai
12,145.0,,Quận Hai Bà Trưng
4.72,130.0,,Quận Nam Từ Liêm
6.8,87.4,2,Quận Tây Hồ
5.5,96.0,2,Quận Cầu Giấy
Thỏa thuận,,,Quận Nam Từ Liêm
2.4,65.0,2,Quận Hà Đông
9.9,112.0,3,Quận Nam Từ Liêm
11.4,124.0,,Quận Thanh Xuân
5.6,110.0,4,99 Trần Bình
2.3,43.0,1,Quận Nam Từ Liêm
7.5,100.0,,Quận Hai Bà Trưng
147,7.3,3,Quận Nam Từ Liêm
4700000.26,97.0,3,Quận Bắc Từ Liêm
5,83.0,3,Quận Nam Từ Liêm
9.5,181.0,4,Quận Nam Từ Liêm
4.35,98.0,3,Quận Thanh Xuân
5.06,106.0,3,Quận Long Biên
Thỏa thuận,,,Quận Hai Bà Trưng
6.5,100.0,,Quận Nam Từ Liêm
10.00,74.0,,Quận Bắc Từ Liêm
6.8,135.0,3,Quận Nam Từ Liêm
7.5,104.0,3,Quận Nam Từ Liêm
36 Triệu/m²,124.0,3,Quận Nam Từ Liêm
8,110.0,3,Quận Hai Bà Trưng
8.2,125.0,3,Quận Cầu Giấy
2.9,54.0,,Quận Nam Từ Liêm
6.2,105.0,3,Quận Cầu Giấy
3.65,70.0,3,Quận Nam Từ Liêm
5.95,80.0,,Quận Hai Bà Trưng
2.9,48.0,1,Quận Hoàng Mai
4,51.0,,Quận Nam Từ Liêm
Thỏa thuận,,3,Quận Nam Từ Liêm
5,91.0,2,Quận Hà Đông
2.38,55.0,2,Huyện Gia Lâm
18 Triệu,70.0,,Quận Nam Từ Liêm
5.1,,,Quận Bắc Từ Liêm
Thỏa thuận,91.0,2,Quận Hà Đông
2.88,60.0,,Quận Nam Từ Liêm
5.55,97.0,2,Quận Cầu Giấy
5,106.9,3,Quận Hà Đông
4.3,90.0,3,Quận Cầu Giấy
1.75,75.0,3,Quận Hà Đông
10,,,Hà Nội
Thỏa thuận,108.0,,Quận Hà Đông
5.9,100.0,,Quận Nam Từ Liêm
5.4,123.0,4,Quận Cầu Giấy
2.35,45.0,1,A14 Nam Trung Yên
12,145.0,,Quận Hai Bà Trưng
6.35,98.0,3,Golden Palace
5,87.0,,Quận Nam Từ Liêm
5,95.0,3,Quận Nam Từ Liêm
5.72,97.0,,Quận Hà Đông
7.3,147.0,,Quận Nam Từ Liêm
4.30,85.0,3,Quận Long Biên
3.9,84.0,2,Quận Thanh Xuân
5.7,109.0,,Quận Cầu Giấy
5.45,65.0,,Quận Nam Từ Liêm
2.60,65.0,2,Huyện Gia Lâm
6.9,126.0,,Quận Cầu Giấy
3.5,106.0,3,Quận Nam Từ Liêm
7,80.0,,Quận Đống Đa
2.9,69.0,2,Quận Nam Từ Liêm
7.3,97.0,3,Quận Thanh Xuân
4.35,87.0,,Bộ Công An
4.5,121.0,,Quận Nam Từ Liêm
2270000128,95.0,,Quận Hà Đông
9.2,127.0,,Quận Cầu Giấy
6,69.0,,Quận Cầu Giấy
2.30,55.0,2,Huyện Gia Lâm
6,71.0,2,Quận Cầu Giấy
8.68,126.0,3,Quận Cầu Giấy
5.6,105.0,3,Quận Hà Đông
4.7,107.0,,Quận Nam Từ Liêm
7.3,95.0,3,Quận Cầu Giấy
Thỏa thuận,182.0,4,Quận Nam Từ Liêm
6.8,98.0,2,Quận Cầu Giấy
15.5,211.0,,Quận Cầu Giấy
5.5,97.0,2,Quận Cầu Giấy
19 Triệu,93.0,2,Quận Cầu Giấy
6.3,76.0,2,Quận Cầu Giấy
4.9,91.0,2,Quận Hà Đông
2,50.0,2,Quận Thanh Xuân
6.79,135.0,3,Quận Nam Từ Liêm
3.25,95.0,2,Quận Hà Đông
7.1,86.0,,Quận Cầu Giấy
40 Triệu/m²,84.9,2,Quận Tây Hồ
3.7,90.0,,Quận Hà Đông
1.63,92.0,3,Quận Bắc Từ Liêm
3.3,91.0,2,Quận Hà Đông
2.2,92.0,3,Quận Bắc Từ Liêm
9.5,182.0,3,Quận Nam Từ Liêm
7.5,138.0,3,Quận Cầu Giấy
5.6,77.0,2,Quận Cầu Giấy
Thỏa thuận,,,Quận Cầu Giấy
5.1,101.0,3,Quận Long Biên
5.9,101.0,4,Quận Nam Từ Liêm
4.4,92.0,3,Quận Long Biên
Thỏa thuận,76.0,2,Quận Cầu Giấy
5.35,86.0,3,Quận Nam Từ Liêm
4.2,77.0,2,Quận Tây Hồ
Thỏa thuận,,3,Quận Cầu Giấy
7.3 Triệu/m²,100.0,3,Quận Cầu Giấy
2.3,45.0,1,Quận Cầu Giấy
8.2,128.0,3,Quận Cầu Giấy
30000000,92.0,,Quận Bắc Từ Liêm
6,154.0,3,Quận Hà Đông
7.5,113.0,,Quận Thanh Xuân
Thỏa thuận,92.0,3,Quận Bắc Từ Liêm
2.27,95.0,3,Quận Hà Đông
5.4,84.0,,Quận Bắc Từ Liêm
5.3,120.0,3,Quận Long Biên
17,152.0,,Quận Nam Từ Liêm
5.9,118.0,,Quận Nam Từ Liêm
Thỏa thuận,168.5,,Quận Cầu Giấy
3.5,99.0,3,Quận Hà Đông
Thỏa thuận,,3,Quận Cầu Giấy
8.8,182.0,4,Quận Nam Từ Liêm
3333333248 Triệu/m²,70.0,2,Quận Cầu Giấy
4.9,83.0,3,Quận Nam Từ Liêm
5.2,73.0,,Quận Nam Từ Liêm
6.2,141.0,3,Quận Hà Đông
5,70.0,2,Quận Cầu Giấy
5.4,104.0,3,Quận Nam Từ Liêm
5.06,106.0,3,Quận Long Biên
8,105.0,3,Quận Cầu Giấy
Thỏa thuận,114.0,3,Sudico
6,133.0,2,Quận Nam Từ Liêm
5.1,86.0,3,Quận Bắc Từ Liêm
5.3,62.0,2,Quận Cầu Giấy
39,500.0,,Quận Thanh Xuân
3.6,76.0,2,Quận Hà Đông
7.3,147.0,3,Quận Cầu Giấy
Thỏa thuận,75.0,2,Quận Nam Từ Liêm
6.5,91.0,,Quận Thanh Xuân
4.7,83.0,3,Quận Nam Từ Liêm
2.31,55.0,,Huyện Gia Lâm
Thỏa thuận,145.0,,Quận Cầu Giấy
4.9,83.0,3,Quận Nam Từ Liêm
Thỏa thuận,100.0,3,Sudico
5.99,109.0,3,Quận Cầu Giấy
8.6,131.0,,Quận Thanh Xuân
Thỏa thuận,145.0,3,Quận Cầu Giấy
Thỏa thuận,114.0,3,Sudico
2.3,60.0,2,Quận Ba Đình
7.65,105.0,,Quận Thanh Xuân
6.5,90.0,2,Quận Hai Bà Trưng
3,92.0,3,Quận Bắc Từ Liêm
4.1,73.0,2,Quận Nam Từ Liêm
3.6,62.0,2,Quận Nam Từ Liêm
2.45,77.0,2,Quận Long Biên
4.4,74.0,,Quận Bắc Từ Liêm
3.55,79.0,2,Quận Hà Đông
3.5,60.0,2,Quận Hoàng Mai
5.15,72.0,,Quận Cầu Giấy
4.4,78.5,2,Quận Nam Từ Liêm
Thỏa thuận,92.0,3,Quận Bắc Từ Liêm
6.3,98.0,2,Quận Cầu Giấy
4,89.0,2,Quận Hà Đông
5,104.0,3,Quận Nam Từ Liêm
4,114.0,3,Quận Hà Đông
5.38,80.0,2,Quận Bắc Từ Liêm
8.5,125.0,3,Quận Cầu Giấy
1.82,43.0,1,Huyện Gia Lâm
Thỏa thuận,154.0,3,Quận Hà Đông
8.3,109.0,3,Quận Tây Hồ
Thỏa thuận,92.0,3,Quận Bắc Từ Liêm
2.2,92.0,3,Quận Bắc Từ Liêm
5.25,76.0,2,Quận Cầu Giấy
5.2,,,Quận Nam Từ Liêm
3.4,72.0,2,Quận Hà Đông
5.8,98.0,2,Quận Thanh Xuân
Thỏa thuận,166.0,4,Quận Hai Bà Trưng
4,91.2,,CT6 Lê Đức Thọ
9.8,192.0,,Quận Nam Từ Liêm
5.3,104.0,3,Quận Nam Từ Liêm
6.5,98.0,3,Quận Nam Từ Liêm
4,74.0,2,Quận Nam Từ Liêm
2.3,28.0,,Quận Nam Từ Liêm
3.9,92.0,,Quận Cầu Giấy
8,127.0,3,Quận Cầu Giấy
5.4,104.0,3,Quận Nam Từ Liêm
4.2,73.0,2,A14 Nam Trung Yên
5.25,110.0,3,Quận Nam Từ Liêm
3.90,,,Quận Long Biên
4,90.0,3,Phùng Khoang
4.30,85.0,3,Quận Long Biên
Thỏa thuận,,,Quận Hai Bà Trưng
9.3,182.0,4,Quận Nam Từ Liêm
41 Triệu/m²,65.0,,Quận Long Biên
7,156.0,3,Quận Nam Từ Liêm
4.3,96.3,,Quận Nam Từ Liêm
Thỏa thuận,116.0,3,Quận Cầu Giấy
5.75,105.0,3,Quận Nam Từ Liêm
2.8,42.0,1,Quận Nam Từ Liêm
5,83.0,3,Quận Nam Từ Liêm
4,78.0,2,Quận Nam Từ Liêm
5.3,104.0,3,Quận Nam Từ Liêm
Thỏa thuận,116.0,,Quận Cầu Giấy
4.40,85.0,3,Quận Long Biên
5.4,78.0,2,Quận Nam Từ Liêm
8,173.0,3,Quận Hà Đông
4.5,78.5,,Quận Nam Từ Liêm
20 Triệu/m²,92.0,2,Quận Bắc Từ Liêm
5.6,102.0,2,Quận Nam Từ Liêm
4.5,46.0,,Quận Nam Từ Liêm
4.4,74.0,,Quận Bắc Từ Liêm
Thỏa thuận,88.0,2,Quận Cầu Giấy
9.9,198.0,4,Quận Nam Từ Liêm
7,86.0,3,Quận Cầu Giấy
3,51.0,,Quận Cầu Giấy
4.4,90.8,2,Quận Cầu Giấy
2.2,80.0,3,Quận Hoàng Mai
5.6,107.0,,Quận Thanh Xuân
3.58,85.0,2,Quận Hà Đông
8.4,95.0,3,Quận Cầu Giấy
3.6,74.0,1,Quận Nam Từ Liêm
Thỏa thuận,92.0,,Quận Bắc Từ Liêm
5.3,104.0,3,Quận Nam Từ Liêm
9.5,124.0,,Quận Thanh Xuân
6900000.00 Triệu/m²,81.0,3,Quận Nam Từ Liêm
Thỏa thuận,156.0,3,Quận Nam Từ Liêm
5.06,106.0,3,Quận Long Biên
6899999744,97.2,3,Quận Bắc Từ Liêm
7.6,,,Quận Thanh Xuân
9.2,184.0,,Quận Nam Từ Liêm
5.6,122.0,3,Quận Hà Đông
12.3,121.0,,Quận Nam Từ Liêm
5.00,100.0,,Quận Hai Bà Trưng
3.2,70.0,3,Quận Nam Từ Liêm
6.8,135.0,3,Quận Nam Từ Liêm
2.45,69.3,,Quận Long Biên
5.3,91.0,3,Quận Nam Từ Liêm
2.5,85.0,2,Quận Hà Đông
6.2,122.0,3,Nhân Chính
1.52,33.0,1,Huyện Gia Lâm
3.7,92.0,,Quận Bắc Từ Liêm
330000000,60.0,2,Quận Cầu Giấy
6,93.0,3,Quận Thanh Xuân
5,83.0,3,Quận Nam Từ Liêm
5.5,72.0,2,Quận Cầu Giấy
5.5,105.0,3,Quận Nam Từ Liêm
2.62,65.0,2,Huyện Gia Lâm
Thỏa thuận,92.0,,Quận Bắc Từ Liêm
8.5,110.0,,Hà Nội
5.1,101.0,3,Quận Long Biên
2.95,60.0,2,Quận Nam Từ Liêm
4.5,80.0,2,Quận Nam Từ Liêm
6,147.0,3,Quận Hà Đông
4,75.0,2,Ciputra
5.5,112.0,3,Quận Cầu Giấy
Thỏa thuận,110.0,3,Quận Cầu Giấy
1.58,,2,Quận Hai Bà Trưng
9.6,64.0,2,Quận Tây Hồ
4.5,78.0,2,Quận Long Biên
4.5,95.0,2,Quận Cầu Giấy
5.2,74.0,2,Quận Nam Từ Liêm
6.4,107.4,3,Quận Thanh Xuân
8.45,150.0,4,Quận Đống Đa
7.8,111.0,3,Quảng An
Thỏa thuận,89.0,2,Quận Nam Từ Liêm
47 Triệu/m²,110.0,3,Quận Nam Từ Liêm
1.63,45.0,1,Huyện Thanh Trì
4.2,72.0,2,Quận Hà Đông
5.4,104.0,3,Quận Nam Từ Liêm
8.7,117.0,3,Quận Cầu Giấy
3.5,57.0,2,Quận Cầu Giấy
8.3,115.0,3,Quận Ba Đình
5.1,109.0,3,Quận Cầu Giấy
61 Triệu/m²,162.0,,Quận Cầu Giấy
5,107.0,3,Quận Hà Đông
Thỏa thuận,65.0,2,Huyện Gia Lâm
17.5,,,Quận Thanh Xuân
Thỏa thuận,242.0,3,Quận Hà Đông
3.35,65.0,2,Quận Nam Từ Liêm
Thỏa thuận,72.0,,Quận Cầu Giấy
5.3,96.0,3,Quận Nam Từ Liêm
4,76.0,2,Quận Nam Từ Liêm
10.3,167.0,4,Quận Long Biên
6.6,87.0,2,Quận Tây Hồ
7.9,93.0,3,Quận Nam Từ Liêm
4.4,85.0,2,Quận Long Biên
5.3,91.0,3,Quận Nam Từ Liêm
Thỏa thuận,76.0,,Quận Cầu Giấy
5.3,90.0,,Quận Bắc Từ Liêm
5.9,76.0,2,Quận Cầu Giấy
Thỏa thuận,,,Quận Nam Từ Liêm
7.45,117.0,3,Quận Cầu Giấy
7,111.0,3,Quận Tây Hồ
3.5,64.0,2,Quận Nam Từ Liêm
4.3,76.0,2,Quận Hà Đông
9.8,128.0,3,Quảng An
5.6,110.0,,Quận Cầu Giấy
7.2,99.0,3,Quận Cầu Giấy
3500000 Triệu/m²,69.0,,Huyện Đông Anh
Thỏa thuận,2027.0,,Quận Cầu Giấy
Thỏa thuận,,,Quận Cầu Giấy
5.6,72.0,,Quận Cầu Giấy
6.8,98.0,,Quận Cầu Giấy
4.5,65.0,,Quận Nam Từ Liêm
70 Triệu/m²,117.0,,Quận Cầu Giấy
970 Triệu,36.0,1,Huyện Thanh Trì
9,145.0,,Quận Cầu Giấy
5.35,72.0,,Quận Cầu Giấy
14.8,146.0,3,Quảng An
68 Triệu/m²,117.0,3,Quận Cầu Giấy
Thỏa thuận,138.0,,Quận Cầu Giấy
9.8,,3,Quận Nam Từ Liêm
6.35,85.0,,Quận Cầu Giấy
Thỏa thuận,69.0,,Huyện Đông Anh
8,152.0,2,Quận Nam Từ Liêm
8.95,135.0,,Quận Cầu Giấy
Thỏa thuận,,,Quận Cầu Giấy
2.58,77.0,2,Quận Hà Đông
63,3.0,2,A14 Nam Trung Yên
2.4,38.0,,Quận Cầu Giấy
2.39,64.0,2,Quận Hà Đông
5.2,127.0,3,Quận Nam Từ Liêm
5.5,90.0,2,Quận Ba Đình
5.3,120.0,3,Quận Long Biên
5,135.0,,Quận Nam Từ Liêm
3.6,60.0,,Quận Cầu Giấy
3.39,82.0,2,Quận Hà Đông
7.5,121.0,,Quận Cầu Giấy
8.4,85.0,3,Quận Cầu Giấy
3.5,81.6,,Quận Nam Từ Liêm
40 Triệu/m²,74.7,2,Quận Tây Hồ
3.7,70.0,2,Quận Bắc Từ Liêm
3.6,80.0,2,Quận Hà Đông
4.4,98.0,3,Quận Nam Từ Liêm
55 Triệu/m²,90.0,,Quận Nam Từ Liêm
2.3,65.0,3,Quận Thanh Xuân
2.35,64.0,,Quận Hà Đông
5.7,109.0,3,Quận Cầu Giấy
4.9,126.0,3,Quận Nam Từ Liêm
5.3,74.0,2,Quận Thanh Xuân
Thỏa thuận,,,Quận Bắc Từ Liêm
6.5,34.0,,Quận Cầu Giấy
5.1,131.0,,Quận Nam Từ Liêm
5.5,100.0,,Quận Cầu Giấy
8,113.0,,Quận Cầu Giấy
8.1,117.0,,Quận Cầu Giấy
4.95,100.0,3,Quận Cầu Giấy
6,74.0,2,Quận Cầu Giấy
8.1,105.0,,Quận Cầu Giấy
Thỏa thuận,202.0,4,Quận Cầu Giấy
Thỏa thuận,,,Quận Nam Từ Liêm
14.8,168.0,,Quận Cầu Giấy
4.6,97.0,3,Trung Văn
4.1,76.0,2,Quận Nam Từ Liêm
Thỏa thuận,198.0,,Quận Nam Từ Liêm
5.6,110.0,3,Quận Cầu Giấy
5.2,96.0,3,Quận Nam Từ Liêm
17.5,235.0,,Quận Thanh Xuân
Thỏa thuận,75.0,,Quận Thanh Xuân
5.5,,,Quận Thanh Xuân
7.4,138.0,3,Quận Cầu Giấy
Thỏa thuận,,,Quận Nam Từ Liêm
5.65,72.0,,Quận Cầu Giấy
5.00,100.0,,Quận Hai Bà Trưng
6.2,93.0,2,Quận Cầu Giấy
4.8,126.0,,Quận Nam Từ Liêm
7.3,94.0,,Quận Nam Từ Liêm
5.4,104.0,3,Quận Nam Từ Liêm
Thỏa thuận,80.0,2,Quận Thanh Xuân
22,222.0,,Quận Thanh Xuân
5.4,76.0,2,Quận Cầu Giấy
17.5,240.0,,Quận Thanh Xuân
5.3,74.0,2,Quận Thanh Xuân
4.30,94.0,3,Quận Long Biên
7.2,93.0,,Quận Cầu Giấy
3.2,64.0,,Quận Nam Từ Liêm
5.9,76.0,2,Quận Cầu Giấy
5.4,159.0,,Quận Nam Từ Liêm
15.5,146.0,3,Quảng An
6.2,,,Quận Thanh Xuân
3.50,101.0,3,Nam La Khê
8.3,105.0,3,Quận Nam Từ Liêm
5.1,101.0,3,Quận Long Biên
Thỏa thuận,74.0,3,Quận Nam Từ Liêm
9.3,151.0,4,Quận Bắc Từ Liêm
Thỏa thuận,92.0,,Quận Bắc Từ Liêm
5,124.0,2,Quận Hà Đông
14,198.0,,Quận Nam Từ Liêm
4.4,85.0,3,Quận Long Biên
5.15,76.0,,Quận Cầu Giấy
Thỏa thuận,88.0,2,Quận Tây Hồ
6.5,,,Quận Thanh Xuân
Thỏa thuận,110.0,,Quận Cầu Giấy
2.35,60.0,2,Quận Hà Đông
4.4,78.0,2,Quận Hoàng Mai
300000,92.0,3,Quận Bắc Từ Liêm
Thỏa thuận,98.0,2,Quận Cầu Giấy
3.2,65.0,2,Nhân Chính
4.48,73.0,2,Quận Bắc Từ Liêm
6,77.0,,Quận Cầu Giấy
2.8,54.0,,Quận Nam Từ Liêm
2.2,43.0,,Quận Nam Từ Liêm
7,140.0,,Quận Cầu Giấy
5.06,106.0,3,Quận Long Biên
3.6,60.0,,Quận Cầu Giấy
5.6,77.0,,Quận Cầu Giấy
4.30,85.0,3,Quận Long Biên
1.5,66.0,,Huyện Thạch Thất
8.4,125.0,,Quận Cầu Giấy
4.95,88.0,2,299 Cầu Giấy
3.8,77.0,2,Quận Long Biên
6.2,81.0,,Quận Nam Từ Liêm
4.91,125.0,3,Quận Nam Từ Liêm
5.1,114.0,3,Quận Hà Đông
7,140.0,,Quận Cầu Giấy
5.9,77.0,,Quận Cầu Giấy
4.8,86.0,2,Quận Hà Đông
4.4,85.0,3,Quận Long Biên
3.4,70.0,2,Quận Hoàng Mai
3.04,55.0,2,Quận Nam Từ Liêm
8.9,127.0,,Quận Cầu Giấy
4.30,97.0,3,Quận Long Biên
9,145.0,,Quận Cầu Giấy
6.45,98.0,2,Quận Cầu Giấy
Thỏa thuận,127.0,,Quận Cầu Giấy
Thỏa thuận,137.0,,Quận Cầu Giấy
8.3,117.0,,Quận Cầu Giấy
6.8,74.0,2,Quận Cầu Giấy
5.9,109.0,,Quận Cầu Giấy
3.9,73.0,2,Quận Hà Đông
16,200.0,,Quận Thanh Xuân
8.2,131.0,,Quận Thanh Xuân
74 Triệu/m²,100.0,3,Quận Cầu Giấy
5.8,98.0,,Quận Cầu Giấy
4.2,67.0,2,Quận Nam Từ Liêm
4.95,159.0,3,Quận Nam Từ Liêm
5.3,74.0,2,Quận Thanh Xuân
6,135.0,3,Quận Nam Từ Liêm
8,134.0,,Quận Bắc Từ Liêm
9,181.0,,Quận Nam Từ Liêm
5.00,80.0,,Huyện Ba Vì
3.78,77.0,2,Quận Long Biên
4.5,83.0,,Quận Nam Từ Liêm
6.8,109.0,,Quận Thanh Xuân
5,90.0,3,Quận Bắc Từ Liêm
7.3,94.0,3,Quận Thanh Xuân
70 Triệu/m²,145.0,,Quận Cầu Giấy
5.00,80.0,,Huyện Mỹ Đức
5,95.0,,Quận Cầu Giấy
6.5,93.0,,Quận Thanh Xuân
5.5,,,Quận Thanh Xuân
3.4,70.0,2,Huyện Gia Lâm
8,109.0,3,Quận Tây Hồ
3.4,60.0,2,99 Trần Bình
5.6,104.0,3,Quận Nam Từ Liêm
5.8,100.0,,Quận Cầu Giấy
8.5,132.0,3,T1 Ngoại Giao Đoàn
9,111.0,3,Quảng An
3.5,62.0,2,Quận Nam Từ Liêm
5.15,102.0,3,Quận Bắc Từ Liêm
5,102.0,3,Quận Bắc Từ Liêm
Thỏa thuận,125.0,3,Quận Cầu Giấy
5.00,100.0,,Quận Cầu Giấy
14.5,203.0,,Quận Cầu Giấy
4.35,78.0,2,Quận Cầu Giấy
3.35,66.8,2,Quận Bắc Từ Liêm
1500000000 Triệu/m²,36.0,,Huyện Gia Lâm
2.8,60.0,2,Quận Nam Từ Liêm
7.4,,,Quận Thanh Xuân
4.7,154.0,3,Quận Hà Đông
6.2,88.0,2,Quận Cầu Giấy
5.2,83.0,3,Quận Nam Từ Liêm
3.5,70.0,2,Quận Bắc Từ Liêm
11,145.0,,Quận Thanh Xuân
Thỏa thuận,189.0,3,Nguyễn Văn Huyên
9.7,127.0,3,Quận Cầu Giấy
4.9,90.0,3,99 Trần Bình
5.4,108.0,3,Quận Cầu Giấy
17,175.0,,Quận Thanh Xuân
8,152.0,3,Quận Nam Từ Liêm
4.9,90.0,3,Quận Nam Từ Liêm
7.3,95.0,,Quận Cầu Giấy
14.5,181.0,,Quận Thanh Xuân
5.2,86.0,3,Quận Bắc Từ Liêm
8.9,95.0,,Quận Nam Từ Liêm
5.4,83.0,3,Quận Nam Từ Liêm
5.25,90.0,3,Quận Bắc Từ Liêm
5.6,102.0,3,Quận Nam Từ Liêm
2.8,82.0,3,Huyện Đông Anh
2.89,55.0,1,Quận Cầu Giấy
6.8,98.0,2,Quận Cầu Giấy
4.7,69.0,2,Quận Thanh Xuân
Thỏa thuận,,,Quận Long Biên
4.2,76.0,2,Quận Nam Từ Liêm
8,90.0,2,Quận Cầu Giấy
4.8,83.0,2,Quận Nam Từ Liêm
4.95,95.0,2,Quận Cầu Giấy
3.7,62.0,2,Quận Nam Từ Liêm
65 Triệu/m²,98.0,,Quận Cầu Giấy
8.5,132.0,4,Sudico
5.5,103.0,3,Quận Cầu Giấy
6.5,154.0,3,Quận Hà Đông
5.2,74.0,2,Quận Nam Từ Liêm
5.8,88.0,2,Quận Cầu Giấy
4.2,91.0,2,Quận Cầu Giấy
Thỏa thuận,,,Huyện Đông Anh
70 Triệu/m²,145.0,,Quận Cầu Giấy
7.2,126.0,3,M4 Nguyễn Chí Thanh
2.8,82.0,3,Huyện Đông Anh
7,93.0,,Quận Thanh Xuân
7.5,106.0,,Quận Cầu Giấy
3.9,70.0,2,Quận Hà Đông
Thỏa thuận,153.0,3,Quận Nam Từ Liêm
19,175.0,,Quận Thanh Xuân
4,76.0,2,Quận Nam Từ Liêm
5.6,122.0,3,Quận Cầu Giấy
6,90.0,3,Quận Thanh Xuân
3.30,73.0,2,Quận Long Biên
4.35,88.0,3,Quận Long Biên
5.2,101.0,3,Quận Nam Từ Liêm
2.2,,,Quận Nam Từ Liêm
5.9,99.0,2,Quận Thanh Xuân
2.4,50.0,1,Huyện Gia Lâm
7.5,103.0,3,Quận Long Biên
6,93.0,,Quận Cầu Giấy
5.2,100.0,3,Quận Nam Từ Liêm
4.1,90.0,2,Quận Hà Đông
7.6,100.0,3,Quận Nam Từ Liêm
2.9,65.0,2,Quận Nam Từ Liêm
7.5,90.0,3,Quận Cầu Giấy
5.45,62.0,,Quận Cầu Giấy
9,106.6,3,Quận Cầu Giấy
6,154.0,3,Quận Hà Đông
5.9,75.7,2,Quận Cầu Giấy
2.32,50.0,1,Huyện Gia Lâm
5.2,100.0,3,Quận Nam Từ Liêm
3,81.0,3,Quận Bắc Từ Liêm
5.2,101.0,3,Quận Nam Từ Liêm
5.3,101.0,3,Quận Nam Từ Liêm
5.85,112.0,3,Hancic
5,88.3,3,Quận Hai Bà Trưng
8.5,95.0,3,Quận Cầu Giấy
7.3,124.0,3,Quận Cầu Giấy
4,86.0,2,Quận Hà Đông
6,82.0,2,Quận Cầu Giấy
5.6,73.0,,Quận Thanh Xuân
5.3,133.0,2,Quận Nam Từ Liêm
3.3,106.0,3,Quận Nam Từ Liêm
Thỏa thuận,,,Quận Thanh Xuân
14.9,181.0,,Quận Thanh Xuân
5.8,124.0,,Quận Thanh Xuân
45 Triệu/m²,150.0,3,Quận Cầu Giấy
4.7,149.0,,Quận Cầu Giấy
11,58.0,1,Place
Thỏa thuận,,,Quận Long Biên
5.95,153.0,,Quận Nam Từ Liêm
70 Triệu/m²,125.0,,Quận Cầu Giấy
5.6,105.0,3,Quận Hà Đông
2.3,60.0,2,Quận Hai Bà Trưng
Thỏa thuận,,,Huyện Gia Lâm
800 Triệu,61.0,,Quận Nam Từ Liêm
5.15,102.0,3,Quận Bắc Từ Liêm
6.9,56.0,,Quận Ba Đình
3.8,77.0,,Quận Long Biên
8.3,110.0,3,T4 Ngoại Giao Đoàn
2.8,70.0,2,Quận Hà Đông
9.6,47.0,1,Place
6.2,88.0,,Quận Cầu Giấy
4.35,74.0,2,Quận Bắc Từ Liêm
19,240.0,,Quận Thanh Xuân
2.8,69.0,2,Quận Hà Đông
5.2,134.0,3,Quận Hà Đông
6.7,114.0,3,Quận Bắc Từ Liêm
5.9,160.0,,Quận Nam Từ Liêm
3.55,67.0,2,Quận Bắc Từ Liêm
5.4,159.0,,Quận Nam Từ Liêm
4.1,76.0,2,Quận Nam Từ Liêm
3.78,77.0,2,Quận Long Biên
33 Triệu/m²,,3,Quận Hà Đông
3.9,120.0,3,Quận Bắc Từ Liêm
3.9,75.0,2,Quận Hà Đông
9.5,127.0,3,Quận Cầu Giấy
35,415.0,,Quận Thanh Xuân
3.15,73.0,2,Quận Long Biên
10.5,135.4,3,Quận Cầu Giấy
Thỏa thuận,,,Quận Long Biên
4.3,74.0,2,Quận Bắc Từ Liêm
2.90,66.0,2,Quận Long Biên
4.30,85.0,3,Quận Long Biên
5.1,83.0,3,Quận Bắc Từ Liêm
2.8,65.6,,Quận Long Biên
5.55,97.0,2,Quận Cầu Giấy
Thỏa thuận,95.0,3,Quận Cầu Giấy
6,112.0,3,Quận Bắc Từ Liêm
3.41,69.0,2,Quận Long Biên
5.10,87.0,,Quận Long Biên
Thỏa thuận,,,Quận Long Biên
5.1,102.0,3,Quận Bắc Từ Liêm
4,74.0,2,Quận Bắc Từ Liêm
3.8,77.0,,Quận Long Biên
4.8,85.0,2,Quận Hà Đông
Thỏa thuận,186.0,3,Quận Nam Từ Liêm
8.9,125.0,3,Quận Cầu Giấy
4.4,74.0,2,Quận Bắc Từ Liêm
8.2,133.0,,Quận Thanh Xuân
1.2,86.0,,Quận Long Biên
4.2,66.0,2,Quận Nam Từ Liêm
8.76,117.0,3,Quận Cầu Giấy
3.4,67.0,2,Quận Bắc Từ Liêm
6.3,93.0,,Quận Cầu Giấy
3.60,80.0,3,Quận Long Biên
5.3,120.0,3,Quận Long Biên
3.1,82.0,3,Huyện Đông Anh
7,75.0,2,Quận Hoàn Kiếm
5,95.0,,Quận Cầu Giấy
Thỏa thuận,,2,Quận Cầu Giấy
Thỏa thuận,117.0,,Quận Cầu Giấy
6.5,138.0,3,Quận Hà Đông
4.1,77.5,2,Quận Long Biên
5.9,160.0,4,Quận Nam Từ Liêm
28,340.0,5,Quận Cầu Giấy
5.00,100.0,,Quận Cầu Giấy
8.6,138.0,,Quận Cầu Giấy
3.7,76.0,2,Quận Nam Từ Liêm
Thỏa thuận,117.0,,Quận Cầu Giấy
80 Triệu/m²,313.7,5,Quận Cầu Giấy
7.2,95.0,,Quận Cầu Giấy
3.3,85.0,3,Huyện Đông Anh
5.8,98.0,2,Quận Cầu Giấy
2.28,38.0,,Quận Cầu Giấy
5.00,100.0,,Quận Cầu Giấy
5.5,96.5,3,Quận Cầu Giấy
2.8,82.0,3,Huyện Đông Anh
71 Triệu/m²,117.0,,Quận Cầu Giấy
8.5,127.0,,Quận Cầu Giấy
4.2,75.0,2,Quận Nam Từ Liêm
4.8,110.0,3,Quận Cầu Giấy
4.10,77.0,,Quận Long Biên
5.7,83.0,,Quận Tây Hồ
8.6,137.0,,Quận Cầu Giấy
8.2,125.0,3,Quận Cầu Giấy
4.21,68.8,2,An Lạc Green Symphony
5.5,120.5,,Quận Nam Từ Liêm
5,83.0,,Quận Bắc Từ Liêm
Thỏa thuận,99.0,,Quận Cầu Giấy
5.4,120.0,3,Quận Long Biên
4.30,85.0,3,Quận Long Biên
2.1,50.0,,Hà Nội
3.5,66.8,2,Quận Bắc Từ Liêm
28.5,350.0,,Quận Cầu Giấy
4.85,83.0,3,Quận Bắc Từ Liêm
Thỏa thuận,,3,Quận Long Biên
6.8,124.0,3,Quận Hà Đông
7.92,138.0,3,Quận Cầu Giấy
6.3,87.0,2,Quận Bắc Từ Liêm
5.3,90.0,3,Quận Bắc Từ Liêm
10.5,208.0,4,Quận Cầu Giấy
4.3,60.0,,Quận Cầu Giấy
Thỏa thuận,125.0,,Quận Cầu Giấy
2.1,50.0,,Hà Nội
14,203.0,,Quận Cầu Giấy
14.9,202.7,,Quận Cầu Giấy
6.3,117.0,,Quận Cầu Giấy
Thỏa thuận,102.0,3,Quận Bắc Từ Liêm
5.4,99.0,2,Quận Cầu Giấy
3.9,90.0,3,Quận Bắc Từ Liêm
7.6,97.0,,Quận Cầu Giấy
1.71,72.0,2,Hà Nội
5.2,91.0,,Quận Cầu Giấy
12.95,110.0,3,Starlake Hà Nội
Thỏa thuận,95.0,,Quận Nam Từ Liêm
34 Triệu/m²,130.0,3,Quận Hà Đông
5.9,98.0,2,Quận Cầu Giấy
6.95,129.0,3,Quận Bắc Từ Liêm
4.5,74.0,2,Quận Bắc Từ Liêm
4.4,72.0,2,Quận Hà Đông
6.2,116.0,,Quận Nam Từ Liêm
7.8,108.0,,Hà Nội
3.8,84.0,2,Mỹ Đình
3.6,68.0,2,Quận Bắc Từ Liêm
5.9,99.0,2,Quận Thanh Xuân
Thỏa thuận,74.0,2,Quận Bắc Từ Liêm
6.8,95.0,,Quận Cầu Giấy
8.5,138.0,3,Quận Cầu Giấy
3.85,77.0,2,Quận Long Biên
6.5,119.0,,Quận Cầu Giấy
3.7,80.0,2,Quận Bắc Từ Liêm
2.9,68.0,,Quận Long Biên
4,89.0,2,Quận Long Biên
6.5,114.0,3,Quận Bắc Từ Liêm
3.15,65.0,2,Quận Nam Từ Liêm
5.3,101.0,3,Quận Nam Từ Liêm
4.6,74.0,2,Quận Bắc Từ Liêm
Thỏa thuận,67.0,2,Quận Bắc Từ Liêm
Thỏa thuận,,2,Quận Long Biên
25,298.0,,Quận Cầu Giấy
4.1,77.0,2,Quận Long Biên
Thỏa thuận,,,Quận Nam Từ Liêm
3.85,77.0,2,Quận Long Biên
4.30,85.0,3,Quận Long Biên
4.3,92.0,,Quận Long Biên
7,75.0,2,Quận Hoàn Kiếm
5,102.0,3,Quận Bắc Từ Liêm
3,62.0,2,Quận Cầu Giấy
4.1,89.0,2,Quận Hà Đông
1.25,42.0,,Quận Bắc Từ Liêm
4.2,66.0,2,Quận Thanh Xuân
2.55,60.0,2,Quận Thanh Xuân
3.30,73.0,2,Quận Long Biên
4.1,77.0,2,Quận Long Biên
Thỏa thuận,66.0,2,Quận Long Biên
10.5,208.0,4,Quận Cầu Giấy
2.9,66.0,2,Quận Long Biên
8.95,119.0,,Quận Cầu Giấy
2.65,60.0,2,Quận Đống Đa
3.6,80.0,2,Quận Cầu Giấy
2.85,66.0,2,Quận Long Biên
85 Triệu/m²,313.7,5,Quận Cầu Giấy
2.9,66.0,2,Quận Long Biên
5.2,90.0,3,Quận Bắc Từ Liêm
4.8,93.0,3,Quận Bắc Từ Liêm
26,266.0,,Quận Cầu Giấy
8.6,150.0,4,Quận Đống Đa
8.2,95.0,3,Quận Cầu Giấy
10,111.0,3,Quảng An
6.3,112.0,,Hà Nội
6,73.0,2,Quận Cầu Giấy
4.45,130.0,4,Quận Hà Đông
2.65,71.0,2,Quận Hà Đông
5.9,99.0,2,Quận Thanh Xuân
5.3,102.0,3,Quận Bắc Từ Liêm
3.3,73.0,2,Quận Long Biên
4.3,90.0,3,Quận Hà Đông
4.3,74.0,2,Quận Bắc Từ Liêm
4.2,74.0,2,Quận Bắc Từ Liêm
2.3,40.0,,Quận Cầu Giấy
5.8,128.0,3,Quận Hà Đông
3.59,80.0,2,Quận Hà Đông
22,155.0,4,Starlake Hà Nội
Thỏa thuận,,,Quận Long Biên
2.8,81.4,3,Huyện Đông Anh
3.7,69.0,,99 Trần Bình
Thỏa thuận,,2,Huyện Đông Anh
5.95,160.0,4,Quận Nam Từ Liêm
2.9,65.0,2,Quận Nam Từ Liêm
Thỏa thuận,,,Quận Long Biên
3,85.0,3,Huyện Đông Anh
5.9,99.0,2,Quận Thanh Xuân
5.5,104.0,3,Quận Nam Từ Liêm
Thỏa thuận,135.0,,Quận Nam Từ Liêm
8.2,50.0,,Quận Bắc Từ Liêm
4.3,74.0,2,Quận Bắc Từ Liêm
6.5,118.0,3,Quận Hà Đông
4.1,89.0,2,Quận Long Biên
4.6,93.0,3,Quận Bắc Từ Liêm
4.9,83.0,,Quận Nam Từ Liêm
4,74.0,,Quận Bắc Từ Liêm
3.4,66.8,2,Quận Bắc Từ Liêm
4.95,97.0,,Quận Cầu Giấy
4.4,92.0,3,Quận Long Biên
4.30,85.0,3,Quận Long Biên
Thỏa thuận,86.0,5,Huyện Thanh Trì
4.1,77.5,2,Quận Long Biên
4.30,85.0,3,Quận Long Biên
5.7,132.0,3,Sudico
8.5,148.6,3,Quận Cầu Giấy
4,,,Quận Bắc Từ Liêm
72 Triệu/m²,117.0,,Quận Cầu Giấy
4.4,74.0,2,Quận Bắc Từ Liêm
5.32,128.0,3,Quận Nam Từ Liêm
3.85,66.0,2,Quận Ba Đình
7.5,155.6,3,Quận Cầu Giấy
3.25,80.0,2,Hà Nội
4.8,126.0,3,Quận Nam Từ Liêm
3.3,85.0,3,Huyện Đông Anh
2.1,50.0,,Hà Nội
3.2,85.0,3,Huyện Đông Anh
6,98.0,2,Quận Cầu Giấy
9.5,127.0,,Quận Cầu Giấy
70 Triệu/m²,313.7,5,Quận Cầu Giấy
Thỏa thuận,,3,Huyện Đông Anh
13.5,138.0,3,Quận Đống Đa
5.3,90.0,3,Quận Bắc Từ Liêm
5,110.0,2,Quận Cầu Giấy
5.2,99.5,2,Quận Cầu Giấy
3.4,70.0,2,Quận Bắc Từ Liêm
2.7,78.0,3,Quận Hà Đông
Thỏa thuận,,,Quận Cầu Giấy
6.55,98.0,,Quận Bắc Từ Liêm
11,208.0,4,Quận Cầu Giấy
80 Triệu/m²,313.7,5,Quận Cầu Giấy
3.3,55.0,2,Quận Nam Từ Liêm
Thỏa thuận,,,Quận Long Biên
Thỏa thuận,217.0,,Quận Cầu Giấy
Thỏa thuận,71.0,2,Quận Long Biên
8.5,125.0,3,Quận Cầu Giấy
5.2,80.0,2,Quận Thanh Xuân
4.5,83.0,3,Quận Nam Từ Liêm
Thỏa thuận,,,Huyện Đông Anh
3.8,65.0,,Quận Nam Từ Liêm
3.6,,,Quận Bắc Từ Liêm
2249999872,55.0,2,Huyện Gia Lâm
7.5,155.6,3,Quận Cầu Giấy
5.5,96.0,3,Quận Long Biên
3.60,78.0,2,Quận Long Biên
5.5,91.0,,99 Trần Bình
7.8,95.0,3,Quận Cầu Giấy
6,84.0,,Quận Nam Từ Liêm
4.2,88.0,,Quận Nam Từ Liêm
Thỏa thuận,86.0,3,Quận Long Biên
3.50,78.0,2,Quận Long Biên
115,470.0,4,Quận Hai Bà Trưng
6.1,73.0,2,Quận Cầu Giấy
6.98,147.0,3,Quận Nam Từ Liêm
5,89.0,3,Huyện Hoài Đức
7.5,128.0,3,Quận Thanh Xuân
7.6,127.0,3,Quận Cầu Giấy
Thỏa thuận,200.0,4,Quận Nam Từ Liêm
70 Triệu/m²,313.7,5,Quận Cầu Giấy
7,75.0,2,Hà Nội
5.2,100.0,3,Quận Nam Từ Liêm
28,315.0,,Quận Cầu Giấy
2.7,86.0,2,Quận Hà Đông
Thỏa thuận,,,Quận Cầu Giấy
6.2,138.0,3,Quận Hà Đông
Thỏa thuận,,,Quận Bắc Từ Liêm
2.8,65.6,,Quận Long Biên
Thỏa thuận,,,Quận Cầu Giấy
3.9,73.0,2,Quận Hà Đông
7.8,148.6,3,Quận Cầu Giấy
Thỏa thuận,77.0,,Quận Hoàng Mai
4.8,99.5,2,Quận Cầu Giấy
3.9,62.0,,Quận Nam Từ Liêm
10.5,208.0,4,Quận Cầu Giấy
7,75.0,2,Quận Hoàn Kiếm
11.5,208.0,4,Quận Cầu Giấy
7,75.0,2,Quận Hoàn Kiếm
3.53,110.0,,Quận Hoàng Mai
6.4,91.0,3,Quận Thanh Xuân
45 Triệu/m²,73.0,,Quận Long Biên
7,75.0,,Hà Nội
7.5,148.6,3,Quận Cầu Giấy
8.4,95.0,3,Quận Cầu Giấy
6,242.0,4,Quận Hà Đông
Thỏa thuận,94.0,,Dream Home
6.5,92.0,,Quận Cầu Giấy
Thỏa thuận,,,Quận Bắc Từ Liêm
3.35,97.0,2,Quận Nam Từ Liêm
Thỏa thuận,,,Quận Bắc Từ Liêm
4.4,70.0,2,Quận Cầu Giấy
5.4,76.0,2,Quận Cầu Giấy
2.90,65.0,2,Quận Long Biên
2.9,68.0,,Quận Long Biên
8.25,125.0,3,Quận Cầu Giấy
3.85,74.0,2,Quận Nam Từ Liêm
5.15,73.0,2,Quận Cầu Giấy
34 Triệu/m²,130.0,3,Quận Hà Đông
6,99.0,2,Quận Thanh Xuân
16.2,178.0,,Quận Nam Từ Liêm
3.9,63.0,,Quận Nam Từ Liêm
3.65,80.0,3,Quận Cầu Giấy
4.8,83.0,3,Quận Nam Từ Liêm
4.5,85.0,,Quận Long Biên
1.75,30.2,1,Huyện Gia Lâm
10 Triệu,72.0,2,Quận Bắc Từ Liêm
2.62,60.0,,Quận Nam Từ Liêm
5.35,,3,Quận Long Biên
3.55,57.0,2,Quận Cầu Giấy
5.5,103.0,3,Quận Cầu Giấy
2.3,33.0,,Quận Cầu Giấy
4.05,72.0,2,Quận Bắc Từ Liêm
4.7,95.0,3,Quận Long Biên
Thỏa thuận,60.3,,Quận Hoàng Mai
4,46.0,,Quận Nam Từ Liêm
3.4,97.0,,Quận Nam Từ Liêm
3.7,70.0,2,Quận Bắc Từ Liêm
4.65,120.0,3,Nhân Chính
24.5,234.0,4,Quảng An
6.9,120.0,,Quận Long Biên
7,100.0,3,Quận Cầu Giấy
5.8,80.0,2,Quận Cầu Giấy
9,182.0,3,Quận Nam Từ Liêm
4.2,75.0,2,Quận Nam Từ Liêm
9.2,111.0,3,Quảng An
3.85,77.0,2,Quận Long Biên
2.8,65.0,,Quận Long Biên
3.45,73.0,3,Quận Hoàn Kiếm
4.30,85.0,3,Quận Long Biên
3.28,74.0,,Huyện Gia Lâm
12.8,146.0,3,Quảng An
Thỏa thuận,162.0,,Quận Cầu Giấy
2.68,62.0,,Quận Nam Từ Liêm
3.29,77.0,,Quận Long Biên
4.95,90.0,,99 Trần Bình
6.1,95.0,2,Quận Cầu Giấy
3.6,70.0,,Quận Bắc Từ Liêm
4.3,85.0,3,Quận Thanh Xuân
3.5,68.5,2,Quận Nam Từ Liêm
Thỏa thuận,143.0,3,Quận Cầu Giấy
Thỏa thuận,97.0,,Hà Nội
85,155.0,3,Quận Hoàn Kiếm
2.7,75.0,2,Huyện Thanh Trì
6.7,120.0,3,Quận Long Biên
2.1,50.0,2,Quận Đống Đa
5.1,,,Quận Bắc Từ Liêm
7.1,122.0,2,Quận Hà Đông
3.15,72.8,,Quận Long Biên
6.6,,,Quận Nam Từ Liêm
4.27,68.8,2,Quận Nam Từ Liêm
Thỏa thuận,45.0,1,Quận Đống Đa
2.7,43.3,1,Vinhomes Ocean Park
Thỏa thuận,,,Quận Bắc Từ Liêm
3.85,77.0,2,Quận Long Biên
10.5,208.0,4,Quận Cầu Giấy
Thỏa thuận,,2,Quận Long Biên
7.3,154.0,3,Quận Hà Đông
6.4,114.0,3,Quận Hà Đông
1.6,40.0,2,Quận Hai Bà Trưng
5.9,153.0,,Quận Nam Từ Liêm
4.85,83.0,,Quận Nam Từ Liêm
5.5,108.0,3,Quận Bắc Từ Liêm
5.2,105.0,,Quận Long Biên
68 Triệu/m²,145.0,3,Quận Cầu Giấy
6.7,80.0,,Quận Cầu Giấy
6.8,75.0,,Hà Nội
6.7,,,Quận Long Biên
85 Triệu/m²,313.7,5,Quận Cầu Giấy
3.2,77.0,,Quận Long Biên
6.7,120.0,3,Quận Long Biên
4,90.0,2,Quận Long Biên
5.5,99.5,2,Quận Cầu Giấy
8.1,95.0,3,Quận Cầu Giấy
1.8,60.0,2,Quận Hoàng Mai
34 Triệu/m²,130.0,3,Quận Hà Đông
5.3,105.0,3,Quận Long Biên
7.3,93.0,3,Quận Cầu Giấy
4.15,75.0,2,Quận Nam Từ Liêm
27,313.7,5,Quận Cầu Giấy
Thỏa thuận,,,Huyện Gia Lâm
6.3,112.0,3,Quận Nam Từ Liêm
7.1,86.0,3,Quận Cầu Giấy
5,76.0,2,Quận Nam Từ Liêm
7,148.6,3,Quận Cầu Giấy
9,140.0,,Quận Thanh Xuân
7.5,128.0,3,Quận Thanh Xuân
7.5,155.0,3,Quận Cầu Giấy
Thỏa thuận,298.0,,Quận Cầu Giấy
60 Triệu/m²,,3,Quận Cầu Giấy
4.2,89.0,2,Quận Long Biên
7.5,155.0,4,Quận Cầu Giấy
2660000000,60.0,,Quận Nam Từ Liêm
5.8,135.0,,Quận Nam Từ Liêm
5.6,74.0,2,Quận Cầu Giấy
12.6,129.0,3,Quảng An
5.5,107.0,,Quận Tây Hồ
5.3,99.5,2,Quận Cầu Giấy
Thỏa thuận,,,Quận Nam Từ Liêm
Thỏa thuận,95.0,,Quận Nam Từ Liêm
5.9,99.0,2,Quận Thanh Xuân
28,345.0,5,Quận Cầu Giấy
Thỏa thuận,,2,Quận Bắc Từ Liêm
4.45,78.0,2,Quận Bắc Từ Liêm
6.8,,3,Quận Cầu Giấy
6.55,80.0,2,Quận Cầu Giấy
5.3,76.0,,Quận Cầu Giấy
2.65,60.0,,Quận Nam Từ Liêm
6.5,,3,Quận Nam Từ Liêm
Thỏa thuận,156.0,3,Quận Nam Từ Liêm
28,326.0,,Quận Cầu Giấy
3.5,96.0,3,Mỹ Đình
5,110.0,2,Quận Cầu Giấy
6.5,135.0,,Quận Nam Từ Liêm
Thỏa thuận,203.0,4,Quận Cầu Giấy
4.8,93.0,3,Quận Bắc Từ Liêm
8.4,117.0,,Quận Cầu Giấy
4.95,128.0,4,Quận Nam Từ Liêm
5.5,120.0,3,Quận Long Biên
11.5,210.0,4,Quận Cầu Giấy
6.1,116.0,3,Quận Tây Hồ
8.5,151.0,,Nguyễn Chánh
6.8,120.0,,Quận Long Biên
Thỏa thuận,86.0,,Quận Long Biên
5.1,101.0,3,Quận Long Biên
3.85,77.0,2,Quận Long Biên
59 Triệu/m²,65.0,,Quận Nam Từ Liêm
5.95,104.0,,Quận Cầu Giấy
26,326.0,5,Quận Cầu Giấy
3.30,73.0,2,Quận Long Biên
3.85,77.0,2,Quận Long Biên
6.7,120.0,,Quận Long Biên
10.5,208.0,4,Quận Cầu Giấy
Thỏa thuận,162.0,,Quận Nam Từ Liêm
5.9,101.0,4,Quận Nam Từ Liêm
4.38,85.0,,Quận Long Biên
4.6,110.0,3,Quận Bắc Từ Liêm
12,139.0,4,Quận Thanh Xuân
4.1,75.0,2,Quận Nam Từ Liêm
3.36,77.0,,Quận Long Biên
23,230.0,,Quận Nam Từ Liêm
5.3,95.0,3,Quận Nam Từ Liêm
7,116.0,3,Quận Cầu Giấy
4,77.0,2,Quận Long Biên
4.8,99.5,2,Quận Cầu Giấy
6.8,,,Hà Nội
4.05,96.0,3,Quận Hà Đông
6.1,96.0,3,Quận Bắc Từ Liêm
Thỏa thuận,,,Huyện Đông Anh
59 Triệu/m²,128.0,3,Quận Thanh Xuân
4.1,76.0,2,Quận Hà Đông
5.6,69.0,2,CT1
2.64,63.0,,Quận Nam Từ Liêm
5.8,139.0,3,Quận Bắc Từ Liêm
Thỏa thuận,,,Quận Long Biên
10.5,210.0,,Quận Cầu Giấy
8.66,,3,Quận Tây Hồ
85 Triệu/m²,313.7,5,Quận Cầu Giấy
3.8,80.0,2,Quận Bắc Từ Liêm
37.5,404.0,,Hà Nội
3390000.13,60.0,2,Quận Cầu Giấy
5.8,128.0,3,Quận Hà Đông
3.4,78.0,,Quận Long Biên
13.65,168.0,3,Quận Tây Hồ
4.1,89.0,2,Quận Hà Đông
4.25,86.0,2,Bộ Công An
5.6,109.0,,Quận Nam Từ Liêm
8.3,117.0,,Quận Cầu Giấy
6.70,120.0,3,Quận Long Biên
2.85,61.0,,Quận Nam Từ Liêm
7.25,97.0,3,Quận Ba Đình
5.3,96.0,3,Quận Nam Từ Liêm
Thỏa thuận,300.0,4,Quận Cầu Giấy
Thỏa thuận,,,Quận Long Biên
Thỏa thuận,,,Quận Cầu Giấy
35 Triệu/m²,165.0,,Quận Cầu Giấy
80 Triệu/m²,313.7,5,Quận Cầu Giấy
5.55,112.0,4,Quận Bắc Từ Liêm
3.79,77.0,,Quận Long Biên
6.7,120.0,3,Quận Long Biên
4.9,66.0,,Quận Nam Từ Liêm
11.5,210.0,4,Quận Cầu Giấy
3.85,78.0,2,Quận Cầu Giấy
4.9,66.0,,Quận Nam Từ Liêm
5.3,103.0,3,Quận Long Biên
75 Triệu/m²,128.0,,Quận Cầu Giấy
Thỏa thuận,,,Huyện Gia Lâm
4.85,85.0,2,Quận Nam Từ Liêm
6.8,95.0,3,Quận Cầu Giấy
4.1,75.0,2,Quận Nam Từ Liêm
5.4,124.0,2,Quận Hà Đông
6.5,110.0,,Quận Tây Hồ
Thỏa thuận,57.0,2,Sudico
5.15,99.5,2,Quận Cầu Giấy
7.5,90.0,2,Quận Cầu Giấy
Thỏa thuận,,,Quận Long Biên
5.1,92.0,2,Quận Cầu Giấy
4.8,100.0,,Quận Cầu Giấy
4.7,72.0,,Quận Nam Từ Liêm
6.9,104.0,3,Quận Thanh Xuân
3.6,71.0,2,Quận Thanh Xuân
6.5,117.0,3,Quận Hà Đông
5.8,70.0,2,Quận Cầu Giấy
43 Triệu/m²,90.0,2,Quận Hà Đông
3.55,76.0,2,Huyện Thanh Trì
Thỏa thuận,96.0,,Quận Nam Từ Liêm
7.6,120.0,3,Quận Cầu Giấy
4.6,100.0,,Quận Cầu Giấy
2.85,66.0,2,Quận Long Biên
2.65,70.0,2,Quận Hà Đông
7,75.0,2,Quận Hoàn Kiếm
5.6,112.0,3,Quận Hà Đông
3.50,78.0,2,Quận Long Biên
2.8,65.6,,Quận Long Biên
3.8,84.0,3,Quận Long Biên
5.5,124.0,2,Quận Hà Đông
6.8,120.0,3,Nhân Chính
6.65,120.0,3,Quận Long Biên
5.04,116.0,3,Quận Long Biên
3.2,73.0,2,Quận Long Biên
2.85,66.0,2,Quận Long Biên
3,60.0,2,Quận Cầu Giấy
Thỏa thuận,,,Quận Long Biên
2.8,,2,A14 Nam Trung Yên
8.2,148.6,3,Quận Cầu Giấy
6.2,83.0,2,Quận Cầu Giấy
5600000000,120.0,,Quận Nam Từ Liêm
7,,2,Quận Hoàn Kiếm
4.2,90.0,2,Quận Hà Đông
8,117.0,,Quận Cầu Giấy
10.5,208.0,4,Quận Cầu Giấy
6.9,135.0,3,Quận Nam Từ Liêm
7.1,123.0,,Quận Cầu Giấy
4.39,85.0,3,Quận Long Biên
2.88,63.0,1,Quận Hai Bà Trưng
Thỏa thuận,127.0,3,Quận Cầu Giấy
2.8,65.6,,Quận Long Biên
4.55,83.0,2,Quận Nam Từ Liêm
5.2,101.0,3,Quận Nam Từ Liêm
5299999744,917.0,,Quận Nam Từ Liêm
Thỏa thuận,70.0,,Quận Cầu Giấy
2.86,91.0,,Quận Hà Đông
4.39,94.0,3,Quận Long Biên
5,110.0,2,Quận Cầu Giấy
6,135.0,,Quận Nam Từ Liêm
2.7,65.6,2,Quận Long Biên
4.2,70.0,,Quận Nam Từ Liêm
5.1,,,Quận Bắc Từ Liêm
9.4,124.4,,Quận Cầu Giấy
9.8,162.0,,Quận Cầu Giấy
51 Triệu,95.0,,Huyện Hoài Đức
5.8,97.0,,Quận Nam Từ Liêm
4.8,65.0,,Quận Nam Từ Liêm
9,102.0,,Quận Nam Từ Liêm
4.3,77.0,2,Quận Hà Đông
Thỏa thuận,78.0,,Quận Long Biên
7.3,125.0,,Quận Cầu Giấy
6.65,120.0,3,Quận Long Biên
4.1,77.0,2,Quận Long Biên
Thỏa thuận,143.0,,Quận Cầu Giấy
2.8,66.0,2,Quận Long Biên
Thỏa thuận,141.0,,Quận Nam Từ Liêm
5.95,159.0,4,Quận Nam Từ Liêm
6.65,120.0,3,Quận Long Biên
7,93.5,2,Quận Nam Từ Liêm
4.1,75.0,2,Quận Nam Từ Liêm
Thỏa thuận,66.0,2,Quận Long Biên
6.83,120.0,3,Quận Long Biên
9.6,104.0,,Quận Nam Từ Liêm
5.3,72.0,2,Quận Cầu Giấy
6.7,120.0,,Quận Long Biên
6.6,121.0,3,Nhân Chính
5.95,115.0,2,Quận Đống Đa
4,68.0,2,Quận Hoàng Mai
8.5,95.0,,Quận Nam Từ Liêm
4.7,110.0,3,Quận Cầu Giấy
3.6,70.0,3,Quận Nam Từ Liêm
3.7,56.0,,Quận Cầu Giấy
Thỏa thuận,182.0,4,Quận Nam Từ Liêm
Thỏa thuận,71.4,,Quận Long Biên
3.85,77.0,2,Quận Long Biên
8.8,186.0,4,Quận Nam Từ Liêm
3.3,73.0,2,Quận Long Biên
4.18,96.0,3,299 Cầu Giấy
3.69,100.0,3,Quận Hà Đông
3.3,73.0,2,Quận Long Biên
10.2,169.0,,Quận Cầu Giấy
1.55,46.0,2,Quận Thanh Xuân
7,75.0,2,Quận Hoàn Kiếm
7.8,,,Quận Thanh Xuân
5.4,76.0,2,Quận Cầu Giấy
4.1,77.0,2,Quận Long Biên
6.2,156.0,3,Quận Nam Từ Liêm
2.85,67.0,2,Quận Long Biên
1.8,62.0,2,Quận Thanh Xuân
3.15,73.0,2,Quận Long Biên
4.30,85.0,3,Quận Long Biên
4.1,73.0,2,Quận Hà Đông
4.05,72.0,2,Quận Cầu Giấy
Thỏa thuận,,2,Nhân Chính
Thỏa thuận,101.0,,Quận Nam Từ Liêm
16.2,180.0,,Quận Nam Từ Liêm
60 Triệu/m²,51.0,2,Hà Nội
8.5,138.0,,Quận Cầu Giấy
3.4,70.0,2,Quận Bắc Từ Liêm
9.75,94.0,2,Quận Tây Hồ
3.6,65.0,2,Quận Thanh Xuân
10.5,210.0,4,Quận Cầu Giấy
6.3,75.0,2,Quận Cầu Giấy
2.85,67.0,2,Quận Long Biên
6.1,73.0,2,Quận Cầu Giấy
Thỏa thuận,89.0,2,Quận Nam Từ Liêm
28,326.0,5,Quận Cầu Giấy
10.5,210.0,4,Quận Cầu Giấy
Thỏa thuận,72.0,,Quận Nam Từ Liêm
3.35,102.0,3,Quận Hà Đông
3.8,78.0,2,Quận Cầu Giấy
9,99.0,,Quận Nam Từ Liêm
10.5,208.0,4,Quận Cầu Giấy
4.2,69.0,2,Quận Tây Hồ
6.5,135.0,,Quận Nam Từ Liêm
2.90,65.0,2,Quận Long Biên
3.6,65.0,2,Quận Hoàng Mai
3.95,82.0,3,Phùng Khoang
Thỏa thuận,116.0,3,Quận Nam Từ Liêm
46 Triệu/m²,96.5,2,Kinh Đô Tower
11.9,226.0,,Quận Nam Từ Liêm
5.1,96.0,3,Quận Nam Từ Liêm
5.95,104.0,,Quận Cầu Giấy
7.3,95.0,3,Quận Cầu Giấy
7.2,155.0,3,Quận Cầu Giấy
9.6,104.0,,Quận Nam Từ Liêm
4.9,70.0,2,Quận Thanh Xuân
5.57,71.0,2,Quận Cầu Giấy
3.6,65.0,2,Quận Hoàng Mai
2.86,63.6,,Quận Long Biên
5 Triệu,30.0,,Huyện Ba Vì
5,65.0,2,Quận Cầu Giấy
27,326.0,5,Quận Cầu Giấy
9.6,104.0,,Quận Nam Từ Liêm
9.6,104.0,,Quận Nam Từ Liêm
27,326.0,4,Quận Cầu Giấy
6.3,97.0,2,Quận Cầu Giấy
Thỏa thuận,71.4,,Quận Long Biên
4.5,91.0,2,Quận Cầu Giấy
Thỏa thuận,71.4,,Quận Long Biên
Thỏa thuận,71.4,,Quận Long Biên
Thỏa thuận,65.0,2,Quận Hoàng Mai
9.6,104.0,,Quận Nam Từ Liêm
7.8,,,Quận Thanh Xuân
6.2,90.0,3,Quận Bắc Từ Liêm
6.5,122.0,2,Quận Hà Đông
9.75,94.0,2,Quận Tây Hồ
9.6,104.0,,Quận Nam Từ Liêm
7.8,,,Quận Thanh Xuân
5.6,72.0,2,Quận Cầu Giấy
7.8,,,Quận Thanh Xuân
Thỏa thuận,71.4,,Quận Long Biên
4.8,99.5,2,Quận Cầu Giấy
Thỏa thuận,,,Hà Nội
4.7,80.0,2,Quận Nam Từ Liêm
295000000,59.0,2,Quận Nam Từ Liêm
9.75,94.0,2,Quận Tây Hồ
Thỏa thuận,89.0,2,Quận Nam Từ Liêm
3.35,70.0,2,Quận Bắc Từ Liêm
3.5,63.0,2,Quận Nam Từ Liêm
4.1,89.0,2,Quận Hà Đông
Thỏa thuận,89.0,2,Quận Nam Từ Liêm
4.2,69.0,2,Quận Tây Hồ
4.30,85.0,3,Quận Long Biên
7.85,128.0,3,Quận Cầu Giấy
Thỏa thuận,71.4,,Quận Long Biên
9.75,94.0,2,Quận Tây Hồ
7.8,,,Quận Thanh Xuân
10.5,208.0,4,Quận Cầu Giấy
Thỏa thuận,89.0,2,Quận Nam Từ Liêm
9.75,94.0,2,Quận Tây Hồ
5.6,106.0,3,Quận Hà Đông
18,155.0,,Quận Nam Từ Liêm
4.2,69.0,2,Quận Tây Hồ
Thỏa thuận,89.0,2,Quận Nam Từ Liêm
4.2,69.0,2,Quận Tây Hồ
3.95,82.0,3,Phùng Khoang
30500000,55.0,2,Quận Nam Từ Liêm
8.2,81.0,,Quận Nam Từ Liêm
4.2,69.0,2,Quận Tây Hồ
7.8,,,Quận Thanh Xuân
5.57,71.0,2,Quận Cầu Giấy
5.8,76.0,2,Quận Cầu Giấy
5.3,83.3,,Quận Nam Từ Liêm
5.9,112.0,,Quận Nam Từ Liêm
5.1,95.0,,Quận Cầu Giấy
5 Triệu,30.0,,Huyện Ba Vì
4.3,,2,Quận Nam Từ Liêm
5,65.0,2,Quận Cầu Giấy
3.95,82.0,3,Phùng Khoang
3.95,82.0,3,Phùng Khoang
6.3,97.0,2,Quận Cầu Giấy
3.95,82.0,3,Phùng Khoang
5.57,71.0,2,Quận Cầu Giấy
9.75,94.0,2,Quận Tây Hồ
4.2,61.5,,Quận Nam Từ Liêm
2990000.13,55.0,2,Quận Nam Từ Liêm
2300000000 Triệu/m²,70.0,3,Quận Thanh Xuân
4.1,89.0,2,Quận Hà Đông
9.3,135.0,4,Quận Cầu Giấy
9.6,104.0,,Quận Nam Từ Liêm
5.57,71.0,2,Quận Cầu Giấy
5,90.0,,Quận Bắc Từ Liêm
Thỏa thuận,71.4,,Quận Long Biên
5.57,71.0,2,Quận Cầu Giấy
3.9,73.0,2,Quận Hà Đông
5 Triệu,30.0,,Huyện Ba Vì
Thỏa thuận,89.0,2,Quận Nam Từ Liêm
Thỏa thuận,100.0,3,Quận Cầu Giấy
6.2,90.0,3,Quận Bắc Từ Liêm
5 Triệu,30.0,,Huyện Ba Vì
4.2,69.0,2,Quận Tây Hồ
Thỏa thuận,130.0,2,Quận Cầu Giấy
5,65.0,2,Quận Cầu Giấy
4000000000,74.0,,Quận Bắc Từ Liêm
3.95,82.0,3,Phùng Khoang
6.3,97.0,2,Quận Cầu Giấy
7.8,,,Quận Thanh Xuân
8000000000,116.0,,Quận Cầu Giấy
5 Triệu,30.0,,Huyện Ba Vì
3.1,65.0,2,Quận Nam Từ Liêm
Thỏa thuận,87.0,2,Quận Cầu Giấy
4.7,80.0,2,Quận Nam Từ Liêm
5,65.0,2,Quận Cầu Giấy
9.75,94.0,2,Quận Tây Hồ
4,71.0,2,Quận Hoàng Mai
5.57,71.0,2,Quận Cầu Giấy
6.3,97.0,2,Quận Cầu Giấy
Thỏa thuận,89.0,2,Quận Nam Từ Liêm
5.76,78.0,,Quận Cầu Giấy
6.2,90.0,3,Quận Bắc Từ Liêm
5 Triệu,30.0,,Huyện Ba Vì
6.2,90.0,3,Quận Bắc Từ Liêm
3.4,85.0,3,Huyện Đông Anh
3.35,70.0,2,Quận Bắc Từ Liêm
4,71.0,2,Quận Hoàng Mai
5,65.0,2,Quận Cầu Giấy
5,65.0,2,Quận Cầu Giấy
4.1,77.0,2,Quận Long Biên
4.7,80.0,2,Quận Nam Từ Liêm
4.7,80.0,2,Quận Nam Từ Liêm
18,155.0,,Quận Nam Từ Liêm
4.2,69.0,2,Quận Tây Hồ
3.35,70.0,2,Quận Bắc Từ Liêm
4,71.0,2,Quận Hoàng Mai
9.6,104.0,,Quận Nam Từ Liêm
18,155.0,,Quận Nam Từ Liêm
Thỏa thuận,71.4,,Quận Long Biên
5.8,93.0,,Quận Nam Từ Liêm
6.3,97.0,2,Quận Cầu Giấy
6.3,97.0,2,Quận Cầu Giấy
8.2,81.0,,Quận Nam Từ Liêm
6.2,90.0,3,Quận Bắc Từ Liêm
3.35,70.0,2,Quận Bắc Từ Liêm
5.2,72.0,2,Quận Cầu Giấy
5.3,83.3,,Quận Nam Từ Liêm
4.7,80.0,2,Quận Nam Từ Liêm
3.95,82.0,3,Phùng Khoang
18,155.0,,Quận Nam Từ Liêm
8.2,81.0,,Quận Nam Từ Liêm
7.8,,,Quận Thanh Xuân
4.2,61.5,,Quận Nam Từ Liêm
5.57,71.0,2,Quận Cầu Giấy
5.3,83.3,,Quận Nam Từ Liêm
8.2,81.0,,Quận Nam Từ Liêm
Thỏa thuận,100.0,3,Quận Cầu Giấy
9.6,104.0,,Quận Nam Từ Liêm
9.6,104.0,,Quận Nam Từ Liêm
6.2,90.0,3,Quận Bắc Từ Liêm
5 Triệu,30.0,,Huyện Ba Vì
Thỏa thuận,87.0,2,Quận Cầu Giấy
Thỏa thuận,71.4,,Quận Long Biên
3.35,70.0,2,Quận Bắc Từ Liêm
3.30,73.0,2,Quận Long Biên
9.75,94.0,2,Quận Tây Hồ
4.2,61.5,,Quận Nam Từ Liêm
Thỏa thuận,89.0,2,Quận Nam Từ Liêm
5.3,83.3,,Quận Nam Từ Liêm
Thỏa thuận,71.4,,Quận Long Biên
5,65.0,2,Quận Cầu Giấy
7.8,,,Quận Thanh Xuân
18,155.0,,Quận Nam Từ Liêm
4.7,80.0,2,Quận Nam Từ Liêm
4.2,69.0,2,Quận Tây Hồ
Thỏa thuận,100.0,3,Quận Cầu Giấy
9.75,94.0,2,Quận Tây Hồ
3.95,82.0,3,Phùng Khoang
8.2,81.0,,Quận Nam Từ Liêm
7.8,,,Quận Thanh Xuân
Thỏa thuận,89.0,2,Quận Nam Từ Liêm
5.57,71.0,2,Quận Cầu Giấy
6.3,97.0,2,Quận Cầu Giấy
3.35,70.0,2,Quận Bắc Từ Liêm
Thỏa thuận,87.0,2,Quận Cầu Giấy
5.3,83.3,,Quận Nam Từ Liêm
6.2,90.0,3,Quận Bắc Từ Liêm
18,155.0,,Quận Nam Từ Liêm
9.75,94.0,2,Quận Tây Hồ
4.2,69.0,2,Quận Tây Hồ
8.2,81.0,,Quận Nam Từ Liêm
4.7,80.0,2,Quận Nam Từ Liêm
4.2,61.5,,Quận Nam Từ Liêm
5 Triệu,30.0,,Huyện Ba Vì
Thỏa thuận,89.0,2,Quận Nam Từ Liêm
9.6,104.0,,Quận Nam Từ Liêm
Thỏa thuận,100.0,3,Quận Cầu Giấy
3.35,70.0,2,Quận Bắc Từ Liêm
5,65.0,2,Quận Cầu Giấy
Thỏa thuận,87.0,2,Quận Cầu Giấy
18,155.0,,Quận Nam Từ Liêm
4.2,61.5,,Quận Nam Từ Liêm
9.6,104.0,,Quận Nam Từ Liêm
3.95,82.0,3,Phùng Khoang
5.3,83.3,,Quận Nam Từ Liêm
9.6,104.0,,Quận Nam Từ Liêm
4.2,69.0,2,Quận Tây Hồ
4.2,61.5,,Quận Nam Từ Liêm
Thỏa thuận,71.4,,Quận Long Biên
3.95,82.0,3,Phùng Khoang
6.3,97.0,2,Quận Cầu Giấy
Thỏa thuận,71.4,,Quận Long Biên
8.2,81.0,,Quận Nam Từ Liêm
Thỏa thuận,100.0,3,Quận Cầu Giấy
7.8,,,Quận Thanh Xuân
6.2,90.0,3,Quận Bắc Từ Liêm
5.3,83.3,,Quận Nam Từ Liêm
5.57,71.0,2,Quận Cầu Giấy
Thỏa thuận,71.4,,Quận Long Biên
9.75,94.0,2,Quận Tây Hồ
9.6,104.0,,Quận Nam Từ Liêm
4.7,80.0,2,Quận Nam Từ Liêm
5 Triệu,30.0,,Huyện Ba Vì
7.8,,,Quận Thanh Xuân
Thỏa thuận,89.0,2,Quận Nam Từ Liêm
Thỏa thuận,100.0,3,Quận Cầu Giấy
5.57,71.0,2,Quận Cầu Giấy
7.8,,,Quận Thanh Xuân
Thỏa thuận,87.0,2,Quận Cầu Giấy
Thỏa thuận,87.0,2,Quận Cầu Giấy
5 Triệu,30.0,,Huyện Ba Vì
4.2,61.5,,Quận Nam Từ Liêm
Thỏa thuận,71.4,,Quận Long Biên
3.35,70.0,2,Quận Bắc Từ Liêm
5,65.0,2,Quận Cầu Giấy
5,65.0,2,Quận Cầu Giấy
9.75,94.0,2,Quận Tây Hồ
Thỏa thuận,100.0,3,Quận Cầu Giấy
7.8,,,Quận Thanh Xuân
9.6,104.0,,Quận Nam Từ Liêm
6.3,97.0,2,Quận Cầu Giấy
18,155.0,,Quận Nam Từ Liêm
9.75,94.0,2,Quận Tây Hồ
9.75,94.0,2,Quận Tây Hồ
6.2,90.0,3,Quận Bắc Từ Liêm
8.2,81.0,,Quận Nam Từ Liêm
4.2,69.0,2,Quận Tây Hồ
Thỏa thuận,89.0,2,Quận Nam Từ Liêm
Thỏa thuận,89.0,2,Quận Nam Từ Liêm
6.3,97.0,2,Quận Cầu Giấy
Thỏa thuận,87.0,2,Quận Cầu Giấy
4.2,69.0,2,Quận Tây Hồ
Thỏa thuận,71.4,,Quận Long Biên
Thỏa thuận,89.0,2,Quận Nam Từ Liêm
6.2,90.0,3,Quận Bắc Từ Liêm
3.95,82.0,3,Phùng Khoang
9.6,104.0,,Quận Nam Từ Liêm
4.7,80.0,2,Quận Nam Từ Liêm
4.2,69.0,2,Quận Tây Hồ
5.3,83.3,,Quận Nam Từ Liêm
3.95,82.0,3,Phùng Khoang
9.6,104.0,,Quận Nam Từ Liêm
3.95,82.0,3,Phùng Khoang
4.2,69.0,2,Quận Tây Hồ
5.57,71.0,2,Quận Cầu Giấy
7.8,,,Quận Thanh Xuân
Thỏa thuận,71.4,,Quận Long Biên
3.95,82.0,3,Phùng Khoang
5 Triệu,30.0,,Huyện Ba Vì
5.57,71.0,2,Quận Cầu Giấy
4.7,80.0,2,Quận Nam Từ Liêm
Thỏa thuận,71.4,,Quận Long Biên
3.35,70.0,2,Quận Bắc Từ Liêm
9.75,94.0,2,Quận Tây Hồ
7.8,,,Quận Thanh Xuân
5.57,71.0,2,Quận Cầu Giấy
4.2,61.5,,Quận Nam Từ Liêm
5,65.0,2,Quận Cầu Giấy
3.35,70.0,2,Quận Bắc Từ Liêm
18,155.0,,Quận Nam Từ Liêm
9.75,94.0,2,Quận Tây Hồ
5 Triệu,30.0,,Huyện Ba Vì
Thỏa thuận,100.0,3,Quận Cầu Giấy
6.3,97.0,2,Quận Cầu Giấy
Thỏa thuận,89.0,2,Quận Nam Từ Liêm
Thỏa thuận,87.0,2,Quận Cầu Giấy
5.57,71.0,2,Quận Cầu Giấy
5 Triệu,30.0,,Huyện Ba Vì
7.8,,,Quận Thanh Xuân
4.2,69.0,2,Quận Tây Hồ
Thỏa thuận,89.0,2,Quận Nam Từ Liêm
9.75,94.0,2,Quận Tây Hồ
3.95,82.0,3,Phùng Khoang
18,155.0,,Quận Nam Từ Liêm
8.2,81.0,,Quận Nam Từ Liêm
4.2,69.0,2,Quận Tây Hồ
Thỏa thuận,89.0,2,Quận Nam Từ Liêm
6.2,90.0,3,Quận Bắc Từ Liêm
5,65.0,2,Quận Cầu Giấy
3.95,82.0,3,Phùng Khoang
5 Triệu,30.0,,Huyện Ba Vì
4.7,80.0,2,Quận Nam Từ Liêm
4.2,69.0,2,Quận Tây Hồ
5,65.0,2,Quận Cầu Giấy
5.57,71.0,2,Quận Cầu Giấy
5,65.0,2,Quận Cầu Giấy
3.95,82.0,3,Phùng Khoang
6.3,97.0,2,Quận Cầu Giấy
3.35,70.0,2,Quận Bắc Từ Liêm
5.57,71.0,2,Quận Cầu Giấy
8.2,81.0,,Quận Nam Từ Liêm
5.3,83.3,,Quận Nam Từ Liêm
18,155.0,,Quận Nam Từ Liêm
5.57,71.0,2,Quận Cầu Giấy
5 Triệu,30.0,,Huyện Ba Vì
6.3,97.0,2,Quận Cầu Giấy
5,65.0,2,Quận Cầu Giấy
6.2,90.0,3,Quận Bắc Từ Liêm
9.6,104.0,,Quận Nam Từ Liêm
5 Triệu,30.0,,Huyện Ba Vì
6.2,90.0,3,Quận Bắc Từ Liêm
6.3,97.0,2,Quận Cầu Giấy
6.3,97.0,2,Quận Cầu Giấy
5.3,83.3,,Quận Nam Từ Liêm
4.2,61.5,,Quận Nam Từ Liêm
4.7,80.0,2,Quận Nam Từ Liêm
5 Triệu,30.0,,Huyện Ba Vì
8.2,81.0,,Quận Nam Từ Liêm
6.2,90.0,3,Quận Bắc Từ Liêm
4.2,61.5,,Quận Nam Từ Liêm
Thỏa thuận,100.0,3,Quận Cầu Giấy
3.35,70.0,2,Quận Bắc Từ Liêm
4.7,80.0,2,Quận Nam Từ Liêm
18,155.0,,Quận Nam Từ Liêm
Thỏa thuận,71.4,,Quận Long Biên
7.8,,,Quận Thanh Xuân
5,65.0,2,Quận Cầu Giấy
3.35,70.0,2,Quận Bắc Từ Liêm
4.7,80.0,2,Quận Nam Từ Liêm
5.3,83.3,,Quận Nam Từ Liêm
5,65.0,2,Quận Cầu Giấy
6.3,97.0,2,Quận Cầu Giấy
3.35,70.0,2,Quận Bắc Từ Liêm
4.2,61.5,,Quận Nam Từ Liêm
6.3,97.0,2,Quận Cầu Giấy
6.2,90.0,3,Quận Bắc Từ Liêm
8.2,81.0,,Quận Nam Từ Liêm
Thỏa thuận,87.0,2,Quận Cầu Giấy
18,155.0,,Quận Nam Từ Liêm
Thỏa thuận,100.0,3,Quận Cầu Giấy
6.2,90.0,3,Quận Bắc Từ Liêm
9.75,94.0,2,Quận Tây Hồ
6.2,90.0,3,Quận Bắc Từ Liêm
Thỏa thuận,100.0,3,Quận Cầu Giấy
4.7,80.0,2,Quận Nam Từ Liêm
4.7,80.0,2,Quận Nam Từ Liêm
3.35,70.0,2,Quận Bắc Từ Liêm
9.6,104.0,,Quận Nam Từ Liêm
18,155.0,,Quận Nam Từ Liêm
3.35,70.0,2,Quận Bắc Từ Liêm
Thỏa thuận,87.0,2,Quận Cầu Giấy
5.3,83.3,,Quận Nam Từ Liêm
8.2,81.0,,Quận Nam Từ Liêm
8.2,81.0,,Quận Nam Từ Liêm
Thỏa thuận,89.0,2,Quận Nam Từ Liêm
4.7,80.0,2,Quận Nam Từ Liêm
Thỏa thuận,87.0,2,Quận Cầu Giấy
4.2,61.5,,Quận Nam Từ Liêm
5.3,83.3,,Quận Nam Từ Liêm
4.2,69.0,2,Quận Tây Hồ
3.35,70.0,2,Quận Bắc Từ Liêm
18,155.0,,Quận Nam Từ Liêm
9.6,104.0,,Quận Nam Từ Liêm
4.2,61.5,,Quận Nam Từ Liêm
Thỏa thuận,71.4,,Quận Long Biên
18,155.0,,Quận Nam Từ Liêm
3.95,82.0,3,Phùng Khoang
9.6,104.0,,Quận Nam Từ Liêm
5.3,83.3,,Quận Nam Từ Liêm
Thỏa thuận,100.0,3,Quận Cầu Giấy
Thỏa thuận,71.4,,Quận Long Biên
7.8,,,Quận Thanh Xuân
8.2,81.0,,Quận Nam Từ Liêm
5.57,71.0,2,Quận Cầu Giấy
Thỏa thuận,100.0,3,Quận Cầu Giấy
5 Triệu,30.0,,Huyện Ba Vì
5.3,83.3,,Quận Nam Từ Liêm
18,155.0,,Quận Nam Từ Liêm
8.2,81.0,,Quận Nam Từ Liêm
8.2,81.0,,Quận Nam Từ Liêm
4.2,61.5,,Quận Nam Từ Liêm
Thỏa thuận,71.4,,Quận Long Biên
4.2,61.5,,Quận Nam Từ Liêm
5.3,83.3,,Quận Nam Từ Liêm
9.75,94.0,2,Quận Tây Hồ
Thỏa thuận,87.0,2,Quận Cầu Giấy
7.8,,,Quận Thanh Xuân
7.8,,,Quận Thanh Xuân
Thỏa thuận,100.0,3,Quận Cầu Giấy
Thỏa thuận,87.0,2,Quận Cầu Giấy
Thỏa thuận,89.0,2,Quận Nam Từ Liêm
5,65.0,2,Quận Cầu Giấy
9.75,94.0,2,Quận Tây Hồ
9.75,94.0,2,Quận Tây Hồ
5.3,83.3,,Quận Nam Từ Liêm
Thỏa thuận,87.0,2,Quận Cầu Giấy
Thỏa thuận,100.0,3,Quận Cầu Giấy
Thỏa thuận,89.0,2,Quận Nam Từ Liêm
Thỏa thuận,89.0,2,Quận Nam Từ Liêm
4.2,61.5,,Quận Nam Từ Liêm
Thỏa thuận,87.0,2,Quận Cầu Giấy
4.2,61.5,,Quận Nam Từ Liêm
4.2,69.0,2,Quận Tây Hồ
4.2,69.0,2,Quận Tây Hồ
3.95,82.0,3,Phùng Khoang
9.6,104.0,,Quận Nam Từ Liêm
6.3,97.0,2,Quận Cầu Giấy
5.57,71.0,2,Quận Cầu Giấy
3.95,82.0,3,Phùng Khoang
9.6,104.0,,Quận Nam Từ Liêm
4.2,69.0,2,Quận Tây Hồ
9.6,104.0,,Quận Nam Từ Liêm
Thỏa thuận,100.0,3,Quận Cầu Giấy
9.6,104.0,,Quận Nam Từ Liêm
5 Triệu,30.0,,Huyện Ba Vì
5.57,71.0,2,Quận Cầu Giấy
Thỏa thuận,100.0,3,Quận Cầu Giấy
Thỏa thuận,87.0,2,Quận Cầu Giấy
Thỏa thuận,71.4,,Quận Long Biên
5 Triệu,30.0,,Huyện Ba Vì
5,65.0,2,Quận Cầu Giấy
Thỏa thuận,87.0,2,Quận Cầu Giấy
Thỏa thuận,71.4,,Quận Long Biên
6.2,90.0,3,Quận Bắc Từ Liêm
5,65.0,2,Quận Cầu Giấy
3.95,82.0,3,Phùng Khoang
Thỏa thuận,71.4,,Quận Long Biên
7.8,,,Quận Thanh Xuân
Thỏa thuận,71.4,,Quận Long Biên
5.57,71.0,2,Quận Cầu Giấy
7.8,,,Quận Thanh Xuân
9.75,94.0,2,Quận Tây Hồ
7.8,,,Quận Thanh Xuân
6.3,97.0,2,Quận Cầu Giấy
Thỏa thuận,89.0,2,Quận Nam Từ Liêm
9.6,104.0,,Quận Nam Từ Liêm
4.7,80.0,2,Quận Nam Từ Liêm
6.3,97.0,2,Quận Cầu Giấy
Thỏa thuận,71.4,,Quận Long Biên
9.6,104.0,,Quận Nam Từ Liêm
7.8,,,Quận Thanh Xuân
Thỏa thuận,71.4,,Quận Long Biên
5 Triệu,30.0,,Huyện Ba Vì
9.75,94.0,2,Quận Tây Hồ
9.75,94.0,2,Quận Tây Hồ
9.75,94.0,2,Quận Tây Hồ
7.8,,,Quận Thanh Xuân
Thỏa thuận,89.0,2,Quận Nam Từ Liêm
6.2,90.0,3,Quận Bắc Từ Liêm
4.2,69.0,2,Quận Tây Hồ
5,65.0,2,Quận Cầu Giấy
Thỏa thuận,89.0,2,Quận Nam Từ Liêm
6.2,90.0,3,Quận Bắc Từ Liêm
3.35,70.0,2,Quận Bắc Từ Liêm
7.8,,,Quận Thanh Xuân
4.2,69.0,2,Quận Tây Hồ
6.3,97.0,2,Quận Cầu Giấy
3.95,82.0,3,Phùng Khoang
4.7,80.0,2,Quận Nam Từ Liêm
9.75,94.0,2,Quận Tây Hồ
6.2,90.0,3,Quận Bắc Từ Liêm
Thỏa thuận,89.0,2,Quận Nam Từ Liêm
9.75,94.0,2,Quận Tây Hồ
4.2,69.0,2,Quận Tây Hồ
4.7,80.0,2,Quận Nam Từ Liêm
4.2,69.0,2,Quận Tây Hồ
18,155.0,,Quận Nam Từ Liêm
3.95,82.0,3,Phùng Khoang
3.35,70.0,2,Quận Bắc Từ Liêm
3.35,70.0,2,Quận Bắc Từ Liêm
3.95,82.0,3,Phùng Khoang
8.2,81.0,,Quận Nam Từ Liêm
5.57,71.0,2,Quận Cầu Giấy
Thỏa thuận,89.0,2,Quận Nam Từ Liêm
4.7,80.0,2,Quận Nam Từ Liêm
5.3,83.3,,Quận Nam Từ Liêm
5.57,71.0,2,Quận Cầu Giấy
Thỏa thuận,89.0,2,Quận Nam Từ Liêm
5 Triệu,30.0,,Huyện Ba Vì
3.35,70.0,2,Quận Bắc Từ Liêm
3.95,82.0,3,Phùng Khoang
5 Triệu,30.0,,Huyện Ba Vì
5.57,71.0,2,Quận Cầu Giấy
5.57,71.0,2,Quận Cầu Giấy
18,155.0,,Quận Nam Từ Liêm
5,65.0,2,Quận Cầu Giấy
18,155.0,,Quận Nam Từ Liêm
5 Triệu,30.0,,Huyện Ba Vì
4.2,69.0,2,Quận Tây Hồ
8.2,81.0,,Quận Nam Từ Liêm
4.2,61.5,,Quận Nam Từ Liêm
4.2,69.0,2,Quận Tây Hồ
5,65.0,2,Quận Cầu Giấy
18,155.0,,Quận Nam Từ Liêm
5.3,83.3,,Quận Nam Từ Liêm
6.3,97.0,2,Quận Cầu Giấy
8.2,81.0,,Quận Nam Từ Liêm
3.95,82.0,3,Phùng Khoang
4.2,61.5,,Quận Nam Từ Liêm
5 Triệu,30.0,,Huyện Ba Vì
6.3,97.0,2,Quận Cầu Giấy
3.95,82.0,3,Phùng Khoang
6.2,90.0,3,Quận Bắc Từ Liêm
5.57,71.0,2,Quận Cầu Giấy
5,65.0,2,Quận Cầu Giấy
5,65.0,2,Quận Cầu Giấy
6.2,90.0,3,Quận Bắc Từ Liêm
Thỏa thuận,100.0,3,Quận Cầu Giấy
8.2,81.0,,Quận Nam Từ Liêm
4.7,80.0,2,Quận Nam Từ Liêm
5.57,71.0,2,Quận Cầu Giấy
4.7,80.0,2,Quận Nam Từ Liêm
6.3,97.0,2,Quận Cầu Giấy
6.3,97.0,2,Quận Cầu Giấy
5.3,83.3,,Quận Nam Từ Liêm
Thỏa thuận,100.0,3,Quận Cầu Giấy
3.35,70.0,2,Quận Bắc Từ Liêm
4.2,61.5,,Quận Nam Từ Liêm
5 Triệu,30.0,,Huyện Ba Vì
3.35,70.0,2,Quận Bắc Từ Liêm
5 Triệu,30.0,,Huyện Ba Vì
Thỏa thuận,87.0,2,Quận Cầu Giấy
5.3,83.3,,Quận Nam Từ Liêm
6.2,90.0,3,Quận Bắc Từ Liêm
6.2,90.0,3,Quận Bắc Từ Liêm
5,65.0,2,Quận Cầu Giấy
18,155.0,,Quận Nam Từ Liêm
Thỏa thuận,87.0,2,Quận Cầu Giấy
4.2,61.5,,Quận Nam Từ Liêm
4.7,80.0,2,Quận Nam Từ Liêm
Thỏa thuận,100.0,3,Quận Cầu Giấy
5,65.0,2,Quận Cầu Giấy
6.3,97.0,2,Quận Cầu Giấy
Thỏa thuận,100.0,3,Quận Cầu Giấy
18,155.0,,Quận Nam Từ Liêm
Thỏa thuận,87.0,2,Quận Cầu Giấy
8.2,81.0,,Quận Nam Từ Liêm
9.6,104.0,,Quận Nam Từ Liêm
4.7,80.0,2,Quận Nam Từ Liêm
8.2,81.0,,Quận Nam Từ Liêm
3.35,70.0,2,Quận Bắc Từ Liêm
3.35,70.0,2,Quận Bắc Từ Liêm
Thỏa thuận,87.0,2,Quận Cầu Giấy
6.3,97.0,2,Quận Cầu Giấy
5.3,83.3,,Quận Nam Từ Liêm
6.2,90.0,3,Quận Bắc Từ Liêm
18,155.0,,Quận Nam Từ Liêm
6.2,90.0,3,Quận Bắc Từ Liêm
9.6,104.0,,Quận Nam Từ Liêm
5.3,83.3,,Quận Nam Từ Liêm
Thỏa thuận,71.4,,Quận Long Biên
4.7,80.0,2,Quận Nam Từ Liêm
18,155.0,,Quận Nam Từ Liêm
4.2,61.5,,Quận Nam Từ Liêm
8.2,81.0,,Quận Nam Từ Liêm
4.7,80.0,2,Quận Nam Từ Liêm
Thỏa thuận,71.4,,Quận Long Biên
3.35,70.0,2,Quận Bắc Từ Liêm
5.3,83.3,,Quận Nam Từ Liêm
4.2,61.5,,Quận Nam Từ Liêm
7.8,,,Quận Thanh Xuân
9.6,104.0,,Quận Nam Từ Liêm
9.6,104.0,,Quận Nam Từ Liêm
3.35,70.0,2,Quận Bắc Từ Liêm
7.8,,,Quận Thanh Xuân
Thỏa thuận,100.0,3,Quận Cầu Giấy
8.2,81.0,,Quận Nam Từ Liêm
Thỏa thuận,87.0,2,Quận Cầu Giấy
Thỏa thuận,100.0,3,Quận Cầu Giấy
Thỏa thuận,87.0,2,Quận Cầu Giấy
4.2,61.5,,Quận Nam Từ Liêm
18,155.0,,Quận Nam Từ Liêm
9.75,94.0,2,Quận Tây Hồ
Thỏa thuận,71.4,,Quận Long Biên
18,155.0,,Quận Nam Từ Liêm
9.75,94.0,2,Quận Tây Hồ
7.8,,,Quận Thanh Xuân
Thỏa thuận,71.4,,Quận Long Biên
Thỏa thuận,89.0,2,Quận Nam Từ Liêm
5.3,83.3,,Quận Nam Từ Liêm
4.2,61.5,,Quận Nam Từ Liêm
Thỏa thuận,100.0,3,Quận Cầu Giấy
8.2,81.0,,Quận Nam Từ Liêm
Thỏa thuận,89.0,2,Quận Nam Từ Liêm
8.2,81.0,,Quận Nam Từ Liêm
9.75,94.0,2,Quận Tây Hồ
9.6,104.0,,Quận Nam Từ Liêm
4.2,69.0,2,Quận Tây Hồ
Thỏa thuận,71.4,,Quận Long Biên
7.8,,,Quận Thanh Xuân
9.6,104.0,,Quận Nam Từ Liêm
3.95,82.0,3,Phùng Khoang
Thỏa thuận,100.0,3,Quận Cầu Giấy
7.8,,,Quận Thanh Xuân
Thỏa thuận,87.0,2,Quận Cầu Giấy
5.3,83.3,,Quận Nam Từ Liêm
9.75,94.0,2,Quận Tây Hồ
5.57,71.0,2,Quận Cầu Giấy
Thỏa thuận,71.4,,Quận Long Biên
Thỏa thuận,87.0,2,Quận Cầu Giấy
4.2,69.0,2,Quận Tây Hồ
5.3,83.3,,Quận Nam Từ Liêm
4.2,61.5,,Quận Nam Từ Liêm
5 Triệu,30.0,,Huyện Ba Vì
Thỏa thuận,89.0,2,Quận Nam Từ Liêm
7.8,,,Quận Thanh Xuân
Thỏa thuận,89.0,2,Quận Nam Từ Liêm
Thỏa thuận,100.0,3,Quận Cầu Giấy
9.6,104.0,,Quận Nam Từ Liêm
4.2,61.5,,Quận Nam Từ Liêm
Thỏa thuận,71.4,,Quận Long Biên
3.95,82.0,3,Phùng Khoang
9.75,94.0,2,Quận Tây Hồ
5,65.0,2,Quận Cầu Giấy
4.2,69.0,2,Quận Tây Hồ
9.75,94.0,2,Quận Tây Hồ
Thỏa thuận,100.0,3,Quận Cầu Giấy
9.6,104.0,,Quận Nam Từ Liêm
Thỏa thuận,87.0,2,Quận Cầu Giấy
4.2,69.0,2,Quận Tây Hồ
Thỏa thuận,87.0,2,Quận Cầu Giấy
Thỏa thuận,71.4,,Quận Long Biên
3.95,82.0,3,Phùng Khoang
5.57,71.0,2,Quận Cầu Giấy
5.57,71.0,2,Quận Cầu Giấy
7.8,,,Quận Thanh Xuân
Thỏa thuận,89.0,2,Quận Nam Từ Liêm
6.3,97.0,2,Quận Cầu Giấy
3.95,82.0,3,Phùng Khoang
5 Triệu,30.0,,Huyện Ba Vì
Thỏa thuận,89.0,2,Quận Nam Từ Liêm
9.75,94.0,2,Quận Tây Hồ
6.2,90.0,3,Quận Bắc Từ Liêm
5.57,71.0,2,Quận Cầu Giấy
4.2,69.0,2,Quận Tây Hồ
5,65.0,2,Quận Cầu Giấy
7.8,,,Quận Thanh Xuân
9.75,94.0,2,Quận Tây Hồ
5 Triệu,30.0,,Huyện Ba Vì
4.2,69.0,2,Quận Tây Hồ
Thỏa thuận,89.0,2,Quận Nam Từ Liêm
5,65.0,2,Quận Cầu Giấy
9.6,104.0,,Quận Nam Từ Liêm
Thỏa thuận,89.0,2,Quận Nam Từ Liêm
9.6,104.0,,Quận Nam Từ Liêm
4.2,69.0,2,Quận Tây Hồ
4.7,80.0,2,Quận Nam Từ Liêm
6.3,97.0,2,Quận Cầu Giấy
Thỏa thuận,71.4,,Quận Long Biên
5 Triệu,30.0,,Huyện Ba Vì
3.95,82.0,3,Phùng Khoang
6.3,97.0,2,Quận Cầu Giấy
6.2,90.0,3,Quận Bắc Từ Liêm
5,65.0,2,Quận Cầu Giấy
3.95,82.0,3,Phùng Khoang
4.7,80.0,2,Quận Nam Từ Liêm
4.2,69.0,2,Quận Tây Hồ
3.35,70.0,2,Quận Bắc Từ Liêm
Thỏa thuận,71.4,,Quận Long Biên
3.95,82.0,3,Phùng Khoang
7.8,,,Quận Thanh Xuân
3.35,70.0,2,Quận Bắc Từ Liêm
6.2,90.0,3,Quận Bắc Từ Liêm
5.57,71.0,2,Quận Cầu Giấy
18,155.0,,Quận Nam Từ Liêm
7.8,,,Quận Thanh Xuân
9.75,94.0,2,Quận Tây Hồ
18,155.0,,Quận Nam Từ Liêm
6.3,97.0,2,Quận Cầu Giấy
8.2,81.0,,Quận Nam Từ Liêm
5.57,71.0,2,Quận Cầu Giấy
Thỏa thuận,89.0,2,Quận Nam Từ Liêm
9.75,94.0,2,Quận Tây Hồ
8.2,81.0,,Quận Nam Từ Liêm
3.95,82.0,3,Phùng Khoang
5.3,83.3,,Quận Nam Từ Liêm
Thỏa thuận,89.0,2,Quận Nam Từ Liêm
5.57,71.0,2,Quận Cầu Giấy
5.57,71.0,2,Quận Cầu Giấy
5 Triệu,30.0,,Huyện Ba Vì
4.7,80.0,2,Quận Nam Từ Liêm
4.2,69.0,2,Quận Tây Hồ
5 Triệu,30.0,,Huyện Ba Vì
5,65.0,2,Quận Cầu Giấy
6.2,90.0,3,Quận Bắc Từ Liêm
5.3,83.3,,Quận Nam Từ Liêm
5 Triệu,30.0,,Huyện Ba Vì
4.2,61.5,,Quận Nam Từ Liêm
4.2,69.0,2,Quận Tây Hồ
4.2,61.5,,Quận Nam Từ Liêm
5 Triệu,30.0,,Huyện Ba Vì
Thỏa thuận,100.0,3,Quận Cầu Giấy
3.35,70.0,2,Quận Bắc Từ Liêm
3.95,82.0,3,Phùng Khoang
5,65.0,2,Quận Cầu Giấy
5,65.0,2,Quận Cầu Giấy
6.3,97.0,2,Quận Cầu Giấy
18,155.0,,Quận Nam Từ Liêm
6.3,97.0,2,Quận Cầu Giấy
4.7,80.0,2,Quận Nam Từ Liêm
Thỏa thuận,100.0,3,Quận Cầu Giấy
5,65.0,2,Quận Cầu Giấy
Thỏa thuận,87.0,2,Quận Cầu Giấy
Thỏa thuận,87.0,2,Quận Cầu Giấy
5.57,71.0,2,Quận Cầu Giấy
3.95,82.0,3,Phùng Khoang
6.3,97.0,2,Quận Cầu Giấy
6.2,90.0,3,Quận Bắc Từ Liêm
8.2,81.0,,Quận Nam Từ Liêm
6.2,90.0,3,Quận Bắc Từ Liêm
6.2,90.0,3,Quận Bắc Từ Liêm
3.35,70.0,2,Quận Bắc Từ Liêm
4.7,80.0,2,Quận Nam Từ Liêm
4.7,80.0,2,Quận Nam Từ Liêm
3.35,70.0,2,Quận Bắc Từ Liêm
9.6,104.0,,Quận Nam Từ Liêm
18,155.0,,Quận Nam Từ Liêm
6.3,97.0,2,Quận Cầu Giấy
3.35,70.0,2,Quận Bắc Từ Liêm
5.57,71.0,2,Quận Cầu Giấy
Thỏa thuận,71.4,,Quận Long Biên
5 Triệu,30.0,,Huyện Ba Vì
8.2,81.0,,Quận Nam Từ Liêm
18,155.0,,Quận Nam Từ Liêm
5 Triệu,30.0,,Huyện Ba Vì
9.6,104.0,,Quận Nam Từ Liêm
4.7,80.0,2,Quận Nam Từ Liêm
8.2,81.0,,Quận Nam Từ Liêm
5.3,83.3,,Quận Nam Từ Liêm
5,65.0,2,Quận Cầu Giấy
6.2,90.0,3,Quận Bắc Từ Liêm
18,155.0,,Quận Nam Từ Liêm
4.2,61.5,,Quận Nam Từ Liêm
5.3,83.3,,Quận Nam Từ Liêm
6.3,97.0,2,Quận Cầu Giấy
5,65.0,2,Quận Cầu Giấy
4.7,80.0,2,Quận Nam Từ Liêm
5.3,83.3,,Quận Nam Từ Liêm
7.8,,,Quận Thanh Xuân
3.35,70.0,2,Quận Bắc Từ Liêm
3.35,70.0,2,Quận Bắc Từ Liêm
Thỏa thuận,71.4,,Quận Long Biên
4.2,61.5,,Quận Nam Từ Liêm
18,155.0,,Quận Nam Từ Liêm
7.8,,,Quận Thanh Xuân
Thỏa thuận,100.0,3,Quận Cầu Giấy
Thỏa thuận,100.0,3,Quận Cầu Giấy
8.2,81.0,,Quận Nam Từ Liêm
4.2,61.5,,Quận Nam Từ Liêm
6.2,90.0,3,Quận Bắc Từ Liêm
8.2,81.0,,Quận Nam Từ Liêm
6.3,97.0,2,Quận Cầu Giấy
9.75,94.0,2,Quận Tây Hồ
Thỏa thuận,87.0,2,Quận Cầu Giấy
Thỏa thuận,87.0,2,Quận Cầu Giấy
5.3,83.3,,Quận Nam Từ Liêm
5.3,83.3,,Quận Nam Từ Liêm
6.2,90.0,3,Quận Bắc Từ Liêm
18,155.0,,Quận Nam Từ Liêm
4.2,61.5,,Quận Nam Từ Liêm
4.7,80.0,2,Quận Nam Từ Liêm
8.2,81.0,,Quận Nam Từ Liêm
9.75,94.0,2,Quận Tây Hồ
3.35,70.0,2,Quận Bắc Từ Liêm
Thỏa thuận,100.0,3,Quận Cầu Giấy
5.3,83.3,,Quận Nam Từ Liêm
4.7,80.0,2,Quận Nam Từ Liêm
Thỏa thuận,89.0,2,Quận Nam Từ Liêm
18,155.0,,Quận Nam Từ Liêm
3.35,70.0,2,Quận Bắc Từ Liêm
8.2,81.0,,Quận Nam Từ Liêm
Thỏa thuận,100.0,3,Quận Cầu Giấy
4.2,61.5,,Quận Nam Từ Liêm
Thỏa thuận,87.0,2,Quận Cầu Giấy
Thỏa thuận,100.0,3,Quận Cầu Giấy
Thỏa thuận,89.0,2,Quận Nam Từ Liêm
4.2,61.5,,Quận Nam Từ Liêm
Thỏa thuận,87.0,2,Quận Cầu Giấy
Thỏa thuận,87.0,2,Quận Cầu Giấy
4.2,69.0,2,Quận Tây Hồ
4.2,69.0,2,Quận Tây Hồ
9.6,104.0,,Quận Nam Từ Liêm
18,155.0,,Quận Nam Từ Liêm
9.6,104.0,,Quận Nam Từ Liêm
5.3,83.3,,Quận Nam Từ Liêm
3.95,82.0,3,Phùng Khoang
Thỏa thuận,71.4,,Quận Long Biên
Thỏa thuận,100.0,3,Quận Cầu Giấy
5.57,71.0,2,Quận Cầu Giấy
9.6,104.0,,Quận Nam Từ Liêm
5 Triệu,30.0,,Huyện Ba Vì
4.2,61.5,,Quận Nam Từ Liêm
9.6,104.0,,Quận Nam Từ Liêm
7.8,,,Quận Thanh Xuân
Thỏa thuận,71.4,,Quận Long Biên
8.2,81.0,,Quận Nam Từ Liêm
3.95,82.0,3,Phùng Khoang
Thỏa thuận,71.4,,Quận Long Biên
Thỏa thuận,87.0,2,Quận Cầu Giấy
Thỏa thuận,100.0,3,Quận Cầu Giấy
5,65.0,2,Quận Cầu Giấy
Thỏa thuận,87.0,2,Quận Cầu Giấy
9.75,94.0,2,Quận Tây Hồ
7.8,,,Quận Thanh Xuân
Thỏa thuận,71.4,,Quận Long Biên
6.3,97.0,2,Quận Cầu Giấy
5.57,71.0,2,Quận Cầu Giấy
7.8,,,Quận Thanh Xuân
9.6,104.0,,Quận Nam Từ Liêm
5.3,83.3,,Quận Nam Từ Liêm
Thỏa thuận,89.0,2,Quận Nam Từ Liêm
5 Triệu,30.0,,Huyện Ba Vì
9.75,94.0,2,Quận Tây Hồ
Thỏa thuận,71.4,,Quận Long Biên
4.2,69.0,2,Quận Tây Hồ
Thỏa thuận,89.0,2,Quận Nam Từ Liêm
7.8,,,Quận Thanh Xuân
6.2,90.0,3,Quận Bắc Từ Liêm
9.75,94.0,2,Quận Tây Hồ
3.95,82.0,3,Phùng Khoang
4.2,69.0,2,Quận Tây Hồ
4.2,61.5,,Quận Nam Từ Liêm
5.57,71.0,2,Quận Cầu Giấy
Thỏa thuận,89.0,2,Quận Nam Từ Liêm
Thỏa thuận,100.0,3,Quận Cầu Giấy
5,65.0,2,Quận Cầu Giấy
9.6,104.0,,Quận Nam Từ Liêm
5 Triệu,30.0,,Huyện Ba Vì
Thỏa thuận,87.0,2,Quận Cầu Giấy
9.6,104.0,,Quận Nam Từ Liêm
9.75,94.0,2,Quận Tây Hồ
Thỏa thuận,71.4,,Quận Long Biên
3.95,82.0,3,Phùng Khoang
4.7,80.0,2,Quận Nam Từ Liêm
7.8,,,Quận Thanh Xuân
7.8,,,Quận Thanh Xuân
4.2,69.0,2,Quận Tây Hồ
3.35,70.0,2,Quận Bắc Từ Liêm
6.3,97.0,2,Quận Cầu Giấy
Thỏa thuận,71.4,,Quận Long Biên
9.75,94.0,2,Quận Tây Hồ
5,65.0,2,Quận Cầu Giấy
9.75,94.0,2,Quận Tây Hồ
18,155.0,,Quận Nam Từ Liêm
7.8,,,Quận Thanh Xuân
3.95,82.0,3,Phùng Khoang
Thỏa thuận,89.0,2,Quận Nam Từ Liêm
6.3,97.0,2,Quận Cầu Giấy
Thỏa thuận,89.0,2,Quận Nam Từ Liêm
5.57,71.0,2,Quận Cầu Giấy
8.2,81.0,,Quận Nam Từ Liêm
9.75,94.0,2,Quận Tây Hồ
9.6,104.0,,Quận Nam Từ Liêm
4.2,69.0,2,Quận Tây Hồ
5 Triệu,30.0,,Huyện Ba Vì
3.95,82.0,3,Phùng Khoang
6.2,90.0,3,Quận Bắc Từ Liêm
Thỏa thuận,89.0,2,Quận Nam Từ Liêm
5,65.0,2,Quận Cầu Giấy
5.57,71.0,2,Quận Cầu Giấy
4.2,69.0,2,Quận Tây Hồ
6.3,97.0,2,Quận Cầu Giấy
4.2,69.0,2,Quận Tây Hồ
6.2,90.0,3,Quận Bắc Từ Liêm
Thỏa thuận,89.0,2,Quận Nam Từ Liêm
3.95,82.0,3,Phùng Khoang
6.2,90.0,3,Quận Bắc Từ Liêm
5.3,83.3,,Quận Nam Từ Liêm
Thỏa thuận,71.4,,Quận Long Biên
4.7,80.0,2,Quận Nam Từ Liêm
3.95,82.0,3,Phùng Khoang
4.2,69.0,2,Quận Tây Hồ
5.57,71.0,2,Quận Cầu Giấy
3.35,70.0,2,Quận Bắc Từ Liêm
5.57,71.0,2,Quận Cầu Giấy
4.2,61.5,,Quận Nam Từ Liêm
5.57,71.0,2,Quận Cầu Giấy
5 Triệu,30.0,,Huyện Ba Vì
5 Triệu,30.0,,Huyện Ba Vì
18,155.0,,Quận Nam Từ Liêm
4.7,80.0,2,Quận Nam Từ Liêm
5,65.0,2,Quận Cầu Giấy
7.8,,,Quận Thanh Xuân
4.7,80.0,2,Quận Nam Từ Liêm
6.3,97.0,2,Quận Cầu Giấy
3.95,82.0,3,Phùng Khoang
6.2,90.0,3,Quận Bắc Từ Liêm
Thỏa thuận,100.0,3,Quận Cầu Giấy
5 Triệu,30.0,,Huyện Ba Vì
5 Triệu,30.0,,Huyện Ba Vì
5,65.0,2,Quận Cầu Giấy
8.2,81.0,,Quận Nam Từ Liêm
3.35,70.0,2,Quận Bắc Từ Liêm
4.7,80.0,2,Quận Nam Từ Liêm
Thỏa thuận,87.0,2,Quận Cầu Giấy
6.3,97.0,2,Quận Cầu Giấy
5,65.0,2,Quận Cầu Giấy
5.3,83.3,,Quận Nam Từ Liêm
3.35,70.0,2,Quận Bắc Từ Liêm
9.75,94.0,2,Quận Tây Hồ
4.2,61.5,,Quận Nam Từ Liêm
3.35,70.0,2,Quận Bắc Từ Liêm
5.57,71.0,2,Quận Cầu Giấy
18,155.0,,Quận Nam Từ Liêm
18,155.0,,Quận Nam Từ Liêm
5,65.0,2,Quận Cầu Giấy
18,155.0,,Quận Nam Từ Liêm
8.2,81.0,,Quận Nam Từ Liêm
8.2,81.0,,Quận Nam Từ Liêm
6.2,90.0,3,Quận Bắc Từ Liêm
5.3,83.3,,Quận Nam Từ Liêm
Thỏa thuận,89.0,2,Quận Nam Từ Liêm
6.3,97.0,2,Quận Cầu Giấy
Thỏa thuận,100.0,3,Quận Cầu Giấy
5 Triệu,30.0,,Huyện Ba Vì
6.3,97.0,2,Quận Cầu Giấy
5.3,83.3,,Quận Nam Từ Liêm
4.7,80.0,2,Quận Nam Từ Liêm
6.2,90.0,3,Quận Bắc Từ Liêm
9.6,104.0,,Quận Nam Từ Liêm
8.2,81.0,,Quận Nam Từ Liêm
4.2,61.5,,Quận Nam Từ Liêm
4.2,61.5,,Quận Nam Từ Liêm
4.2,69.0,2,Quận Tây Hồ
6.2,90.0,3,Quận Bắc Từ Liêm
Thỏa thuận,87.0,2,Quận Cầu Giấy
5,65.0,2,Quận Cầu Giấy
Thỏa thuận,100.0,3,Quận Cầu Giấy
Thỏa thuận,87.0,2,Quận Cầu Giấy
3.35,70.0,2,Quận Bắc Từ Liêm
4.7,80.0,2,Quận Nam Từ Liêm
Thỏa thuận,71.4,,Quận Long Biên
Thỏa thuận,100.0,3,Quận Cầu Giấy
5.3,83.3,,Quận Nam Từ Liêm
3.95,82.0,3,Phùng Khoang
4.7,80.0,2,Quận Nam Từ Liêm
6.3,97.0,2,Quận Cầu Giấy
9.6,104.0,,Quận Nam Từ Liêm
18,155.0,,Quận Nam Từ Liêm
Thỏa thuận,71.4,,Quận Long Biên
3.35,70.0,2,Quận Bắc Từ Liêm
7.8,,,Quận Thanh Xuân
9.6,104.0,,Quận Nam Từ Liêm
4.2,61.5,,Quận Nam Từ Liêm
Thỏa thuận,87.0,2,Quận Cầu Giấy
6.2,90.0,3,Quận Bắc Từ Liêm
5.57,71.0,2,Quận Cầu Giấy
3.35,70.0,2,Quận Bắc Từ Liêm
9.75,94.0,2,Quận Tây Hồ
Thỏa thuận,100.0,3,Quận Cầu Giấy
18,155.0,,Quận Nam Từ Liêm
Thỏa thuận,87.0,2,Quận Cầu Giấy
8.2,81.0,,Quận Nam Từ Liêm
7.8,,,Quận Thanh Xuân
8.2,81.0,,Quận Nam Từ Liêm
18,155.0,,Quận Nam Từ Liêm
5.3,83.3,,Quận Nam Từ Liêm
Thỏa thuận,71.4,,Quận Long Biên
9.75,94.0,2,Quận Tây Hồ
4.7,80.0,2,Quận Nam Từ Liêm
5.3,83.3,,Quận Nam Từ Liêm
8.2,81.0,,Quận Nam Từ Liêm
4.2,61.5,,Quận Nam Từ Liêm
5 Triệu,30.0,,Huyện Ba Vì
Thỏa thuận,89.0,2,Quận Nam Từ Liêm
7.8,,,Quận Thanh Xuân
Thỏa thuận,89.0,2,Quận Nam Từ Liêm
4.2,61.5,,Quận Nam Từ Liêm
9.75,94.0,2,Quận Tây Hồ
4.2,69.0,2,Quận Tây Hồ
Thỏa thuận,89.0,2,Quận Nam Từ Liêm
3.35,70.0,2,Quận Bắc Từ Liêm
5.3,83.3,,Quận Nam Từ Liêm
Thỏa thuận,100.0,3,Quận Cầu Giấy
4.2,69.0,2,Quận Tây Hồ
Thỏa thuận,100.0,3,Quận Cầu Giấy
9.6,104.0,,Quận Nam Từ Liêm
5,65.0,2,Quận Cầu Giấy
3.95,82.0,3,Phùng Khoang
3.95,82.0,3,Phùng Khoang
9.6,104.0,,Quận Nam Từ Liêm
Thỏa thuận,87.0,2,Quận Cầu Giấy
4.2,69.0,2,Quận Tây Hồ
Thỏa thuận,71.4,,Quận Long Biên
6.3,97.0,2,Quận Cầu Giấy
5.57,71.0,2,Quận Cầu Giấy
Thỏa thuận,71.4,,Quận Long Biên
18,155.0,,Quận Nam Từ Liêm
3.95,82.0,3,Phùng Khoang
4.2,61.5,,Quận Nam Từ Liêm
7.8,,,Quận Thanh Xuân
Thỏa thuận,87.0,2,Quận Cầu Giấy
5 Triệu,30.0,,Huyện Ba Vì
7.8,,,Quận Thanh Xuân
5.57,71.0,2,Quận Cầu Giấy
5,65.0,2,Quận Cầu Giấy
5.57,71.0,2,Quận Cầu Giấy
9.75,94.0,2,Quận Tây Hồ
6.2,90.0,3,Quận Bắc Từ Liêm
8.2,81.0,,Quận Nam Từ Liêm
Thỏa thuận,100.0,3,Quận Cầu Giấy
4.7,80.0,2,Quận Nam Từ Liêm
9.75,94.0,2,Quận Tây Hồ
Thỏa thuận,87.0,2,Quận Cầu Giấy
5 Triệu,30.0,,Huyện Ba Vì
6.3,97.0,2,Quận Cầu Giấy
Thỏa thuận,89.0,2,Quận Nam Từ Liêm
9.6,104.0,,Quận Nam Từ Liêm
5 Triệu,30.0,,Huyện Ba Vì
Thỏa thuận,89.0,2,Quận Nam Từ Liêm
5,65.0,2,Quận Cầu Giấy
4.2,69.0,2,Quận Tây Hồ
9.6,104.0,,Quận Nam Từ Liêm
6.2,90.0,3,Quận Bắc Từ Liêm
5.3,83.3,,Quận Nam Từ Liêm
3.95,82.0,3,Phùng Khoang
3.35,70.0,2,Quận Bắc Từ Liêm
Thỏa thuận,71.4,,Quận Long Biên
4.7,80.0,2,Quận Nam Từ Liêm
4.2,61.5,,Quận Nam Từ Liêm
5.57,71.0,2,Quận Cầu Giấy
18,155.0,,Quận Nam Từ Liêm
Thỏa thuận,71.4,,Quận Long Biên
4.2,69.0,2,Quận Tây Hồ
Thỏa thuận,100.0,3,Quận Cầu Giấy
5 Triệu,30.0,,Huyện Ba Vì
5,65.0,2,Quận Cầu Giấy
6.3,97.0,2,Quận Cầu Giấy
7.8,,,Quận Thanh Xuân
3.95,82.0,3,Phùng Khoang
6.3,97.0,2,Quận Cầu Giấy
5.57,71.0,2,Quận Cầu Giấy
7.8,,,Quận Thanh Xuân
3.35,70.0,2,Quận Bắc Từ Liêm
8.2,81.0,,Quận Nam Từ Liêm
9.6,104.0,,Quận Nam Từ Liêm
5,65.0,2,Quận Cầu Giấy
Thỏa thuận,87.0,2,Quận Cầu Giấy
6.2,90.0,3,Quận Bắc Từ Liêm
Thỏa thuận,71.4,,Quận Long Biên
9.75,94.0,2,Quận Tây Hồ
6.3,97.0,2,Quận Cầu Giấy
7.8,,,Quận Thanh Xuân
6.2,90.0,3,Quận Bắc Từ Liêm
9.75,94.0,2,Quận Tây Hồ
5 Triệu,30.0,,Huyện Ba Vì
18,155.0,,Quận Nam Từ Liêm
6.2,90.0,3,Quận Bắc Từ Liêm
4.7,80.0,2,Quận Nam Từ Liêm
5.3,83.3,,Quận Nam Từ Liêm
8.2,81.0,,Quận Nam Từ Liêm
5,65.0,2,Quận Cầu Giấy
4.7,80.0,2,Quận Nam Từ Liêm
Thỏa thuận,89.0,2,Quận Nam Từ Liêm
4.2,61.5,,Quận Nam Từ Liêm
9.75,94.0,2,Quận Tây Hồ
Thỏa thuận,100.0,3,Quận Cầu Giấy
Thỏa thuận,89.0,2,Quận Nam Từ Liêm
4.7,80.0,2,Quận Nam Từ Liêm
5.3,83.3,,Quận Nam Từ Liêm
6.3,97.0,2,Quận Cầu Giấy
3.35,70.0,2,Quận Bắc Từ Liêm
3.35,70.0,2,Quận Bắc Từ Liêm
9.6,104.0,,Quận Nam Từ Liêm
4.2,69.0,2,Quận Tây Hồ
6.2,90.0,3,Quận Bắc Từ Liêm
Thỏa thuận,89.0,2,Quận Nam Từ Liêm
18,155.0,,Quận Nam Từ Liêm
Thỏa thuận,71.4,,Quận Long Biên
Thỏa thuận,87.0,2,Quận Cầu Giấy
3.35,70.0,2,Quận Bắc Từ Liêm
4.2,69.0,2,Quận Tây Hồ
8.2,81.0,,Quận Nam Từ Liêm
7.8,,,Quận Thanh Xuân
4.2,69.0,2,Quận Tây Hồ
18,155.0,,Quận Nam Từ Liêm
5.3,83.3,,Quận Nam Từ Liêm
18,155.0,,Quận Nam Từ Liêm
9.75,94.0,2,Quận Tây Hồ
8.2,81.0,,Quận Nam Từ Liêm
3.95,82.0,3,Phùng Khoang
4.2,61.5,,Quận Nam Từ Liêm
4.2,61.5,,Quận Nam Từ Liêm
4.7,80.0,2,Quận Nam Từ Liêm
3.35,70.0,2,Quận Bắc Từ Liêm
Thỏa thuận,100.0,3,Quận Cầu Giấy
3.95,82.0,3,Phùng Khoang
9.6,104.0,,Quận Nam Từ Liêm
3.95,82.0,3,Phùng Khoang
Thỏa thuận,87.0,2,Quận Cầu Giấy
18,155.0,,Quận Nam Từ Liêm
5.57,71.0,2,Quận Cầu Giấy
Thỏa thuận,89.0,2,Quận Nam Từ Liêm
8.2,81.0,,Quận Nam Từ Liêm
5.3,83.3,,Quận Nam Từ Liêm
8.2,81.0,,Quận Nam Từ Liêm
5.57,71.0,2,Quận Cầu Giấy
5 Triệu,30.0,,Huyện Ba Vì
Thỏa thuận,100.0,3,Quận Cầu Giấy
4.2,61.5,,Quận Nam Từ Liêm
5.3,83.3,,Quận Nam Từ Liêm
5,65.0,2,Quận Cầu Giấy
9.6,104.0,,Quận Nam Từ Liêm
Thỏa thuận,100.0,3,Quận Cầu Giấy
4.2,61.5,,Quận Nam Từ Liêm
5.57,71.0,2,Quận Cầu Giấy
Thỏa thuận,71.4,,Quận Long Biên
Thỏa thuận,71.4,,Quận Long Biên
5.3,83.3,,Quận Nam Từ Liêm
Thỏa thuận,100.0,3,Quận Cầu Giấy
Thỏa thuận,87.0,2,Quận Cầu Giấy
4.2,69.0,2,Quận Tây Hồ
5 Triệu,30.0,,Huyện Ba Vì
Thỏa thuận,87.0,2,Quận Cầu Giấy
Thỏa thuận,87.0,2,Quận Cầu Giấy
4.2,61.5,,Quận Nam Từ Liêm
3.95,82.0,3,Phùng Khoang
5,65.0,2,Quận Cầu Giấy
6.3,97.0,2,Quận Cầu Giấy
5.57,71.0,2,Quận Cầu Giấy
6.2,90.0,3,Quận Bắc Từ Liêm
5 Triệu,30.0,,Huyện Ba Vì
7.8,,,Quận Thanh Xuân
9.6,104.0,,Quận Nam Từ Liêm
7.8,,,Quận Thanh Xuân
5 Triệu,30.0,,Huyện Ba Vì
9.6,104.0,,Quận Nam Từ Liêm
9.75,94.0,2,Quận Tây Hồ
Thỏa thuận,71.4,,Quận Long Biên
9.75,94.0,2,Quận Tây Hồ
5,65.0,2,Quận Cầu Giấy
7.8,,,Quận Thanh Xuân
Thỏa thuận,89.0,2,Quận Nam Từ Liêm
6.3,97.0,2,Quận Cầu Giấy
6.3,97.0,2,Quận Cầu Giấy
4.7,80.0,2,Quận Nam Từ Liêm
Thỏa thuận,100.0,3,Quận Cầu Giấy
6.2,90.0,3,Quận Bắc Từ Liêm
5,65.0,2,Quận Cầu Giấy
3.35,70.0,2,Quận Bắc Từ Liêm
Thỏa thuận,71.4,,Quận Long Biên
9.6,104.0,,Quận Nam Từ Liêm
Thỏa thuận,89.0,2,Quận Nam Từ Liêm
18,155.0,,Quận Nam Từ Liêm
4.2,69.0,2,Quận Tây Hồ
9.75,94.0,2,Quận Tây Hồ
4.2,69.0,2,Quận Tây Hồ
8.2,81.0,,Quận Nam Từ Liêm
3.95,82.0,3,Phùng Khoang
Thỏa thuận,87.0,2,Quận Cầu Giấy
6.3,97.0,2,Quận Cầu Giấy
6.2,90.0,3,Quận Bắc Từ Liêm
5.3,83.3,,Quận Nam Từ Liêm
7.8,,,Quận Thanh Xuân
4.7,80.0,2,Quận Nam Từ Liêm
Thỏa thuận,71.4,,Quận Long Biên
4.2,61.5,,Quận Nam Từ Liêm
9.75,94.0,2,Quận Tây Hồ
3.35,70.0,2,Quận Bắc Từ Liêm
Thỏa thuận,100.0,3,Quận Cầu Giấy
Thỏa thuận,89.0,2,Quận Nam Từ Liêm
3.95,82.0,3,Phùng Khoang
5.57,71.0,2,Quận Cầu Giấy
Thỏa thuận,87.0,2,Quận Cầu Giấy
4.2,69.0,2,Quận Tây Hồ
4.7,80.0,2,Quận Nam Từ Liêm
7.8,,,Quận Thanh Xuân
3.35,70.0,2,Quận Bắc Từ Liêm
Thỏa thuận,89.0,2,Quận Nam Từ Liêm
9.6,104.0,,Quận Nam Từ Liêm
18,155.0,,Quận Nam Từ Liêm
5.57,71.0,2,Quận Cầu Giấy
5 Triệu,30.0,,Huyện Ba Vì
5 Triệu,30.0,,Huyện Ba Vì
3.95,82.0,3,Phùng Khoang
6.2,90.0,3,Quận Bắc Từ Liêm
5,65.0,2,Quận Cầu Giấy
9.75,94.0,2,Quận Tây Hồ
18,155.0,,Quận Nam Từ Liêm
9.6,104.0,,Quận Nam Từ Liêm
4.7,80.0,2,Quận Nam Từ Liêm
6.3,97.0,2,Quận Cầu Giấy
Thỏa thuận,71.4,,Quận Long Biên
4.2,69.0,2,Quận Tây Hồ
8.2,81.0,,Quận Nam Từ Liêm
8.2,81.0,,Quận Nam Từ Liêm
Thỏa thuận,71.4,,Quận Long Biên
6.2,90.0,3,Quận Bắc Từ Liêm
3.95,82.0,3,Phùng Khoang
5.57,71.0,2,Quận Cầu Giấy
5,65.0,2,Quận Cầu Giấy
4.7,80.0,2,Quận Nam Từ Liêm
Thỏa thuận,89.0,2,Quận Nam Từ Liêm
3.35,70.0,2,Quận Bắc Từ Liêm
7.8,,,Quận Thanh Xuân
3.35,70.0,2,Quận Bắc Từ Liêm
5.3,83.3,,Quận Nam Từ Liêm
7.8,,,Quận Thanh Xuân
5 Triệu,30.0,,Huyện Ba Vì
5.57,71.0,2,Quận Cầu Giấy
6.3,97.0,2,Quận Cầu Giấy
18,155.0,,Quận Nam Từ Liêm
5.3,83.3,,Quận Nam Từ Liêm
9.75,94.0,2,Quận Tây Hồ
5,65.0,2,Quận Cầu Giấy
4.2,61.5,,Quận Nam Từ Liêm
4.2,69.0,2,Quận Tây Hồ
18,155.0,,Quận Nam Từ Liêm
4.2,61.5,,Quận Nam Từ Liêm
6.2,90.0,3,Quận Bắc Từ Liêm
8.2,81.0,,Quận Nam Từ Liêm
5 Triệu,30.0,,Huyện Ba Vì
8.2,81.0,,Quận Nam Từ Liêm
9.75,94.0,2,Quận Tây Hồ
Thỏa thuận,89.0,2,Quận Nam Từ Liêm
6.3,97.0,2,Quận Cầu Giấy
5.3,83.3,,Quận Nam Từ Liêm
4.2,69.0,2,Quận Tây Hồ
Thỏa thuận,89.0,2,Quận Nam Từ Liêm
6.2,90.0,3,Quận Bắc Từ Liêm
4.2,61.5,,Quận Nam Từ Liêm
Thỏa thuận,100.0,3,Quận Cầu Giấy
4.2,69.0,2,Quận Tây Hồ
Thỏa thuận,100.0,3,Quận Cầu Giấy
4.7,80.0,2,Quận Nam Từ Liêm
3.95,82.0,3,Phùng Khoang
Thỏa thuận,100.0,3,Quận Cầu Giấy
4.7,80.0,2,Quận Nam Từ Liêm
5.3,83.3,,Quận Nam Từ Liêm
Thỏa thuận,87.0,2,Quận Cầu Giấy
3.95,82.0,3,Phùng Khoang
3.35,70.0,2,Quận Bắc Từ Liêm
Thỏa thuận,87.0,2,Quận Cầu Giấy
3.35,70.0,2,Quận Bắc Từ Liêm
5.57,71.0,2,Quận Cầu Giấy
5,65.0,2,Quận Cầu Giấy
3.95,82.0,3,Phùng Khoang
Thỏa thuận,87.0,2,Quận Cầu Giấy
9.6,104.0,,Quận Nam Từ Liêm
5.57,71.0,2,Quận Cầu Giấy
4.2,61.5,,Quận Nam Từ Liêm
18,155.0,,Quận Nam Từ Liêm
18,155.0,,Quận Nam Từ Liêm
5 Triệu,30.0,,Huyện Ba Vì
8.2,81.0,,Quận Nam Từ Liêm
9.6,104.0,,Quận Nam Từ Liêm
5,65.0,2,Quận Cầu Giấy
5.3,83.3,,Quận Nam Từ Liêm
6.3,97.0,2,Quận Cầu Giấy
5.57,71.0,2,Quận Cầu Giấy
5 Triệu,30.0,,Huyện Ba Vì
6.2,90.0,3,Quận Bắc Từ Liêm
Thỏa thuận,100.0,3,Quận Cầu Giấy
5 Triệu,30.0,,Huyện Ba Vì
Thỏa thuận,71.4,,Quận Long Biên
8.2,81.0,,Quận Nam Từ Liêm
5,65.0,2,Quận Cầu Giấy
Thỏa thuận,87.0,2,Quận Cầu Giấy
Thỏa thuận,71.4,,Quận Long Biên
6.3,97.0,2,Quận Cầu Giấy
5.3,83.3,,Quận Nam Từ Liêm
6.3,97.0,2,Quận Cầu Giấy
4.2,61.5,,Quận Nam Từ Liêm
9.6,104.0,,Quận Nam Từ Liêm
7.8,,,Quận Thanh Xuân
4.2,61.5,,Quận Nam Từ Liêm
Thỏa thuận,100.0,3,Quận Cầu Giấy
4.7,80.0,2,Quận Nam Từ Liêm
9.6,104.0,,Quận Nam Từ Liêm
7.8,,,Quận Thanh Xuân
5,65.0,2,Quận Cầu Giấy
3.35,70.0,2,Quận Bắc Từ Liêm
Thỏa thuận,71.4,,Quận Long Biên
6.3,97.0,2,Quận Cầu Giấy
6.2,90.0,3,Quận Bắc Từ Liêm
6.2,90.0,3,Quận Bắc Từ Liêm
18,155.0,,Quận Nam Từ Liêm
Thỏa thuận,100.0,3,Quận Cầu Giấy
Thỏa thuận,71.4,,Quận Long Biên
9.75,94.0,2,Quận Tây Hồ
Thỏa thuận,87.0,2,Quận Cầu Giấy
Thỏa thuận,89.0,2,Quận Nam Từ Liêm
9.75,94.0,2,Quận Tây Hồ
7.8,,,Quận Thanh Xuân
6.2,90.0,3,Quận Bắc Từ Liêm
Thỏa thuận,89.0,2,Quận Nam Từ Liêm
4.7,80.0,2,Quận Nam Từ Liêm
4.7,80.0,2,Quận Nam Từ Liêm
8.2,81.0,,Quận Nam Từ Liêm
9.75,94.0,2,Quận Tây Hồ
4.7,80.0,2,Quận Nam Từ Liêm
4.2,69.0,2,Quận Tây Hồ
7.8,,,Quận Thanh Xuân
Thỏa thuận,87.0,2,Quận Cầu Giấy
3.35,70.0,2,Quận Bắc Từ Liêm
3.35,70.0,2,Quận Bắc Từ Liêm
5.3,83.3,,Quận Nam Từ Liêm
3.35,70.0,2,Quận Bắc Từ Liêm
Thỏa thuận,89.0,2,Quận Nam Từ Liêm
3.95,82.0,3,Phùng Khoang
18,155.0,,Quận Nam Từ Liêm
9.75,94.0,2,Quận Tây Hồ
18,155.0,,Quận Nam Từ Liêm
4.2,69.0,2,Quận Tây Hồ
4.2,61.5,,Quận Nam Từ Liêm
Thỏa thuận,89.0,2,Quận Nam Từ Liêm
4.2,69.0,2,Quận Tây Hồ
3.95,82.0,3,Phùng Khoang
18,155.0,,Quận Nam Từ Liêm
4.2,69.0,2,Quận Tây Hồ
5.57,71.0,2,Quận Cầu Giấy
8.2,81.0,,Quận Nam Từ Liêm
3.95,82.0,3,Phùng Khoang
9.6,104.0,,Quận Nam Từ Liêm
Thỏa thuận,100.0,3,Quận Cầu Giấy
8.2,81.0,,Quận Nam Từ Liêm
8.2,81.0,,Quận Nam Từ Liêm
9.6,104.0,,Quận Nam Từ Liêm
5 Triệu,30.0,,Huyện Ba Vì
Thỏa thuận,71.4,,Quận Long Biên
5.57,71.0,2,Quận Cầu Giấy
5.57,71.0,2,Quận Cầu Giấy
5.3,83.3,,Quận Nam Từ Liêm
Thỏa thuận,87.0,2,Quận Cầu Giấy
3.95,82.0,3,Phùng Khoang
5.3,83.3,,Quận Nam Từ Liêm
5.3,83.3,,Quận Nam Từ Liêm
Thỏa thuận,71.4,,Quận Long Biên
5,65.0,2,Quận Cầu Giấy
5 Triệu,30.0,,Huyện Ba Vì
7.8,,,Quận Thanh Xuân
4.2,61.5,,Quận Nam Từ Liêm
7.8,,,Quận Thanh Xuân
9.75,94.0,2,Quận Tây Hồ
5 Triệu,30.0,,Huyện Ba Vì
9.75,94.0,2,Quận Tây Hồ
Thỏa thuận,89.0,2,Quận Nam Từ Liêm
4.2,61.5,,Quận Nam Từ Liêm
Thỏa thuận,89.0,2,Quận Nam Từ Liêm
5.57,71.0,2,Quận Cầu Giấy
4.2,61.5,,Quận Nam Từ Liêm
4.2,69.0,2,Quận Tây Hồ
6.3,97.0,2,Quận Cầu Giấy
5,65.0,2,Quận Cầu Giấy
Thỏa thuận,100.0,3,Quận Cầu Giấy
9.6,104.0,,Quận Nam Từ Liêm
Thỏa thuận,100.0,3,Quận Cầu Giấy
3.95,82.0,3,Phùng Khoang
5,65.0,2,Quận Cầu Giấy
6.3,97.0,2,Quận Cầu Giấy
Thỏa thuận,100.0,3,Quận Cầu Giấy
4.2,69.0,2,Quận Tây Hồ
5 Triệu,30.0,,Huyện Ba Vì
6.2,90.0,3,Quận Bắc Từ Liêm
3.95,82.0,3,Phùng Khoang
Thỏa thuận,87.0,2,Quận Cầu Giấy
Thỏa thuận,71.4,,Quận Long Biên
Thỏa thuận,87.0,2,Quận Cầu Giấy
5.57,71.0,2,Quận Cầu Giấy
5.57,71.0,2,Quận Cầu Giấy
6.2,90.0,3,Quận Bắc Từ Liêm
6.3,97.0,2,Quận Cầu Giấy
5,65.0,2,Quận Cầu Giấy
4.7,80.0,2,Quận Nam Từ Liêm
9.6,104.0,,Quận Nam Từ Liêm
Thỏa thuận,87.0,2,Quận Cầu Giấy
6.3,97.0,2,Quận Cầu Giấy
4.7,80.0,2,Quận Nam Từ Liêm
7.8,,,Quận Thanh Xuân
3.35,70.0,2,Quận Bắc Từ Liêm
5 Triệu,30.0,,Huyện Ba Vì
9.6,104.0,,Quận Nam Từ Liêm
6.2,90.0,3,Quận Bắc Từ Liêm
9.75,94.0,2,Quận Tây Hồ
5 Triệu,30.0,,Huyện Ba Vì
3.35,70.0,2,Quận Bắc Từ Liêm
6.2,90.0,3,Quận Bắc Từ Liêm
Thỏa thuận,71.4,,Quận Long Biên
4.7,80.0,2,Quận Nam Từ Liêm
18,155.0,,Quận Nam Từ Liêm
5,65.0,2,Quận Cầu Giấy
4.7,80.0,2,Quận Nam Từ Liêm
Thỏa thuận,71.4,,Quận Long Biên
Thỏa thuận,89.0,2,Quận Nam Từ Liêm
8.2,81.0,,Quận Nam Từ Liêm
9.6,104.0,,Quận Nam Từ Liêm
5,65.0,2,Quận Cầu Giấy
18,155.0,,Quận Nam Từ Liêm
3.35,70.0,2,Quận Bắc Từ Liêm
7.8,,,Quận Thanh Xuân
4.2,69.0,2,Quận Tây Hồ
Thỏa thuận,71.4,,Quận Long Biên
7.8,,,Quận Thanh Xuân
3.95,82.0,3,Phùng Khoang
18,155.0,,Quận Nam Từ Liêm
7.8,,,Quận Thanh Xuân
3.35,70.0,2,Quận Bắc Từ Liêm
9.75,94.0,2,Quận Tây Hồ
6.3,97.0,2,Quận Cầu Giấy
5.3,83.3,,Quận Nam Từ Liêm
9.75,94.0,2,Quận Tây Hồ
18,155.0,,Quận Nam Từ Liêm
6.2,90.0,3,Quận Bắc Từ Liêm
6.3,97.0,2,Quận Cầu Giấy
8.2,81.0,,Quận Nam Từ Liêm
4.2,61.5,,Quận Nam Từ Liêm
9.75,94.0,2,Quận Tây Hồ
Thỏa thuận,89.0,2,Quận Nam Từ Liêm
6.2,90.0,3,Quận Bắc Từ Liêm
5.3,83.3,,Quận Nam Từ Liêm
5.57,71.0,2,Quận Cầu Giấy
Thỏa thuận,89.0,2,Quận Nam Từ Liêm
8.2,81.0,,Quận Nam Từ Liêm
4.2,69.0,2,Quận Tây Hồ
Thỏa thuận,89.0,2,Quận Nam Từ Liêm
4.7,80.0,2,Quận Nam Từ Liêm
5 Triệu,30.0,,Huyện Ba Vì
8.2,81.0,,Quận Nam Từ Liêm
4.7,80.0,2,Quận Nam Từ Liêm
4.2,69.0,2,Quận Tây Hồ
3.35,70.0,2,Quận Bắc Từ Liêm
5.3,83.3,,Quận Nam Từ Liêm
3.35,70.0,2,Quận Bắc Từ Liêm
4.2,61.5,,Quận Nam Từ Liêm
4.2,69.0,2,Quận Tây Hồ
Thỏa thuận,100.0,3,Quận Cầu Giấy
5.3,83.3,,Quận Nam Từ Liêm
4.2,61.5,,Quận Nam Từ Liêm
3.95,82.0,3,Phùng Khoang
4.2,61.5,,Quận Nam Từ Liêm
5.57,71.0,2,Quận Cầu Giấy
5,65.0,2,Quận Cầu Giấy
3.95,82.0,3,Phùng Khoang
Thỏa thuận,100.0,3,Quận Cầu Giấy
18,155.0,,Quận Nam Từ Liêm
18,155.0,,Quận Nam Từ Liêm
Thỏa thuận,100.0,3,Quận Cầu Giấy
3.95,82.0,3,Phùng Khoang
8.2,81.0,,Quận Nam Từ Liêm
Thỏa thuận,87.0,2,Quận Cầu Giấy
Thỏa thuận,87.0,2,Quận Cầu Giấy
Thỏa thuận,87.0,2,Quận Cầu Giấy
Thỏa thuận,100.0,3,Quận Cầu Giấy
5.57,71.0,2,Quận Cầu Giấy
5.3,83.3,,Quận Nam Từ Liêm
5 Triệu,30.0,,Huyện Ba Vì
6.3,97.0,2,Quận Cầu Giấy
5.57,71.0,2,Quận Cầu Giấy
8.2,81.0,,Quận Nam Từ Liêm
4.2,61.5,,Quận Nam Từ Liêm
9.6,104.0,,Quận Nam Từ Liêm
5,65.0,2,Quận Cầu Giấy
Thỏa thuận,100.0,3,Quận Cầu Giấy
Thỏa thuận,87.0,2,Quận Cầu Giấy
Thỏa thuận,87.0,2,Quận Cầu Giấy
5 Triệu,30.0,,Huyện Ba Vì
6.2,90.0,3,Quận Bắc Từ Liêm
5.3,83.3,,Quận Nam Từ Liêm
5 Triệu,30.0,,Huyện Ba Vì
6.3,97.0,2,Quận Cầu Giấy
Thỏa thuận,71.4,,Quận Long Biên
9.6,104.0,,Quận Nam Từ Liêm
4.2,61.5,,Quận Nam Từ Liêm
6.2,90.0,3,Quận Bắc Từ Liêm
9.6,104.0,,Quận Nam Từ Liêm
5,65.0,2,Quận Cầu Giấy
5,65.0,2,Quận Cầu Giấy
Thỏa thuận,100.0,3,Quận Cầu Giấy
Thỏa thuận,71.4,,Quận Long Biên
6.3,97.0,2,Quận Cầu Giấy
9.6,104.0,,Quận Nam Từ Liêm
4.7,80.0,2,Quận Nam Từ Liêm
Thỏa thuận,87.0,2,Quận Cầu Giấy
Thỏa thuận,71.4,,Quận Long Biên
7.8,,,Quận Thanh Xuân
3.35,70.0,2,Quận Bắc Từ Liêm
7.8,,,Quận Thanh Xuân
4.7,80.0,2,Quận Nam Từ Liêm
9.75,94.0,2,Quận Tây Hồ
Thỏa thuận,71.4,,Quận Long Biên
18,155.0,,Quận Nam Từ Liêm
6.3,97.0,2,Quận Cầu Giấy
9.6,104.0,,Quận Nam Từ Liêm
7.8,,,Quận Thanh Xuân
6.2,90.0,3,Quận Bắc Từ Liêm
9.75,94.0,2,Quận Tây Hồ
4.7,80.0,2,Quận Nam Từ Liêm
Thỏa thuận,89.0,2,Quận Nam Từ Liêm
3.35,70.0,2,Quận Bắc Từ Liêm
Thỏa thuận,89.0,2,Quận Nam Từ Liêm
3.35,70.0,2,Quận Bắc Từ Liêm
7.8,,,Quận Thanh Xuân
18,155.0,,Quận Nam Từ Liêm
8.2,81.0,,Quận Nam Từ Liêm
6.2,90.0,3,Quận Bắc Từ Liêm
Thỏa thuận,71.4,,Quận Long Biên
18,155.0,,Quận Nam Từ Liêm
8.2,81.0,,Quận Nam Từ Liêm
5.3,83.3,,Quận Nam Từ Liêm
9.75,94.0,2,Quận Tây Hồ
8.2,81.0,,Quận Nam Từ Liêm
9.6,104.0,,Quận Nam Từ Liêm
4.2,69.0,2,Quận Tây Hồ
Thỏa thuận,89.0,2,Quận Nam Từ Liêm
3.95,82.0,3,Phùng Khoang
4.2,69.0,2,Quận Tây Hồ
9.75,94.0,2,Quận Tây Hồ
3.95,82.0,3,Phùng Khoang
4.7,80.0,2,Quận Nam Từ Liêm
Thỏa thuận,89.0,2,Quận Nam Từ Liêm
5.3,83.3,,Quận Nam Từ Liêm
4.2,61.5,,Quận Nam Từ Liêm
7.8,,,Quận Thanh Xuân
5.3,83.3,,Quận Nam Từ Liêm
Thỏa thuận,71.4,,Quận Long Biên
4.2,69.0,2,Quận Tây Hồ
9.75,94.0,2,Quận Tây Hồ
4.2,61.5,,Quận Nam Từ Liêm
4.2,69.0,2,Quận Tây Hồ
5.57,71.0,2,Quận Cầu Giấy
7.8,,,Quận Thanh Xuân
3.95,82.0,3,Phùng Khoang
Thỏa thuận,89.0,2,Quận Nam Từ Liêm
3.95,82.0,3,Phùng Khoang
9.75,94.0,2,Quận Tây Hồ
5.57,71.0,2,Quận Cầu Giấy
5 Triệu,30.0,,Huyện Ba Vì
3.35,70.0,2,Quận Bắc Từ Liêm
5.57,71.0,2,Quận Cầu Giấy
Thỏa thuận,100.0,3,Quận Cầu Giấy
Thỏa thuận,89.0,2,Quận Nam Từ Liêm
4.2,61.5,,Quận Nam Từ Liêm
Thỏa thuận,100.0,3,Quận Cầu Giấy
Thỏa thuận,87.0,2,Quận Cầu Giấy
4.2,69.0,2,Quận Tây Hồ
Thỏa thuận,100.0,3,Quận Cầu Giấy
5.57,71.0,2,Quận Cầu Giấy
4.2,69.0,2,Quận Tây Hồ
3.95,82.0,3,Phùng Khoang
18,155.0,,Quận Nam Từ Liêm
5,65.0,2,Quận Cầu Giấy
5 Triệu,30.0,,Huyện Ba Vì
5 Triệu,30.0,,Huyện Ba Vì
6.3,97.0,2,Quận Cầu Giấy
Thỏa thuận,87.0,2,Quận Cầu Giấy
6.2,90.0,3,Quận Bắc Từ Liêm
5 Triệu,30.0,,Huyện Ba Vì
Thỏa thuận,87.0,2,Quận Cầu Giấy
3.95,82.0,3,Phùng Khoang
5.57,71.0,2,Quận Cầu Giấy
5,65.0,2,Quận Cầu Giấy
8.2,81.0,,Quận Nam Từ Liêm
5,65.0,2,Quận Cầu Giấy
4.7,80.0,2,Quận Nam Từ Liêm
5,65.0,2,Quận Cầu Giấy
6.3,97.0,2,Quận Cầu Giấy
9.6,104.0,,Quận Nam Từ Liêm
6.3,97.0,2,Quận Cầu Giấy
3.35,70.0,2,Quận Bắc Từ Liêm
6.2,90.0,3,Quận Bắc Từ Liêm
5.57,71.0,2,Quận Cầu Giấy
6.2,90.0,3,Quận Bắc Từ Liêm
5 Triệu,30.0,,Huyện Ba Vì
6.3,97.0,2,Quận Cầu Giấy
5.3,83.3,,Quận Nam Từ Liêm
4.7,80.0,2,Quận Nam Từ Liêm
5,65.0,2,Quận Cầu Giấy
6.2,90.0,3,Quận Bắc Từ Liêm
Thỏa thuận,71.4,,Quận Long Biên
18,155.0,,Quận Nam Từ Liêm
4.7,80.0,2,Quận Nam Từ Liêm
7.8,,,Quận Thanh Xuân
4.2,61.5,,Quận Nam Từ Liêm
3.35,70.0,2,Quận Bắc Từ Liêm
5 Triệu,30.0,,Huyện Ba Vì
Thỏa thuận,100.0,3,Quận Cầu Giấy
6.3,97.0,2,Quận Cầu Giấy
4.7,80.0,2,Quận Nam Từ Liêm
18,155.0,,Quận Nam Từ Liêm
5,65.0,2,Quận Cầu Giấy
8.2,81.0,,Quận Nam Từ Liêm
3.35,70.0,2,Quận Bắc Từ Liêm
6.3,97.0,2,Quận Cầu Giấy
3.35,70.0,2,Quận Bắc Từ Liêm
18,155.0,,Quận Nam Từ Liêm
5.3,83.3,,Quận Nam Từ Liêm
6.2,90.0,3,Quận Bắc Từ Liêm
9.75,94.0,2,Quận Tây Hồ
Thỏa thuận,87.0,2,Quận Cầu Giấy
6.2,90.0,3,Quận Bắc Từ Liêm
8.2,81.0,,Quận Nam Từ Liêm
Thỏa thuận,89.0,2,Quận Nam Từ Liêm
4.7,80.0,2,Quận Nam Từ Liêm
4.2,69.0,2,Quận Tây Hồ
18,155.0,,Quận Nam Từ Liêm
4.2,61.5,,Quận Nam Từ Liêm
8.2,81.0,,Quận Nam Từ Liêm
3.95,82.0,3,Phùng Khoang
4.7,80.0,2,Quận Nam Từ Liêm
5.3,83.3,,Quận Nam Từ Liêm
5.57,71.0,2,Quận Cầu Giấy
3.35,70.0,2,Quận Bắc Từ Liêm
5.3,83.3,,Quận Nam Từ Liêm
5 Triệu,30.0,,Huyện Ba Vì
3.35,70.0,2,Quận Bắc Từ Liêm
8.2,81.0,,Quận Nam Từ Liêm
Thỏa thuận,100.0,3,Quận Cầu Giấy
18,155.0,,Quận Nam Từ Liêm
5.3,83.3,,Quận Nam Từ Liêm
4.2,61.5,,Quận Nam Từ Liêm
8.2,81.0,,Quận Nam Từ Liêm
4.2,61.5,,Quận Nam Từ Liêm
Thỏa thuận,100.0,3,Quận Cầu Giấy
4.2,61.5,,Quận Nam Từ Liêm
18,155.0,,Quận Nam Từ Liêm
5,65.0,2,Quận Cầu Giấy
Thỏa thuận,100.0,3,Quận Cầu Giấy
Thỏa thuận,100.0,3,Quận Cầu Giấy
Thỏa thuận,87.0,2,Quận Cầu Giấy
Thỏa thuận,87.0,2,Quận Cầu Giấy
5.3,83.3,,Quận Nam Từ Liêm
Thỏa thuận,87.0,2,Quận Cầu Giấy
8.2,81.0,,Quận Nam Từ Liêm
6.3,97.0,2,Quận Cầu Giấy
Thỏa thuận,87.0,2,Quận Cầu Giấy
5.3,83.3,,Quận Nam Từ Liêm
6.2,90.0,3,Quận Bắc Từ Liêm
4.2,61.5,,Quận Nam Từ Liêm
4.7,80.0,2,Quận Nam Từ Liêm
Thỏa thuận,100.0,3,Quận Cầu Giấy
3.35,70.0,2,Quận Bắc Từ Liêm
Thỏa thuận,87.0,2,Quận Cầu Giấy
4.2,61.5,,Quận Nam Từ Liêm
Thỏa thuận,100.0,3,Quận Cầu Giấy
Thỏa thuận,87.0,2,Quận Cầu Giấy
18,155.0,,Quận Nam Từ Liêm
8.2,81.0,,Quận Nam Từ Liêm
5.3,83.3,,Quận Nam Từ Liêm
4.2,61.5,,Quận Nam Từ Liêm
Thỏa thuận,100.0,3,Quận Cầu Giấy
Thỏa thuận,87.0,2,Quận Cầu Giấy
