Giá,Diện tích,Số phòng,Quận
7,89,2,Quận Nam Từ Liêm
2.8,48,2,Quận Tây Hồ
3.65,73,2,Quận Long Biên
9.6,104,3,Quận Nam Từ Liêm
6.7,108,3,Quận Cầu Giấy
7.5,112.9,3,Quận Bắc Từ Liêm
1.56,42,1,Huyện Thanh Trì
4.6,74,2,Quận Nam Từ Liêm
4,74,2,Quận Nam Từ Liêm
5500.00,95,2,Quận Hoàng Mai
5.5,77,2,Quận Cầu Giấy
4.1,74,2,Quận Bắc Từ Liêm
3.65,97,2,Quận Long Biên
3,51,,Quận Bắc Từ Liêm
7.6,101,2,Quận Đống Đa
3.7,102.3,3,Quận Thanh Xuân
2,66,2,Huyện Thanh Trì
23,179,4,Quận Nam Từ Liêm
1,30,2,Quận Cầu Giấy
5.95,80,2,Quận Bắc Từ Liêm
7.5,136,3,Quận Tây Hồ
4,82,3,Huyện Đông Anh
7.8,,2,Quận Thanh Xuân
3.85,70,2,Quận Nam Từ Liêm
9,149,3,Quận Cầu Giấy
8.5,130,3,Quận Cầu Giấy
3.1,83,3,Huyện Thanh Trì
2.28,43,1,Huyện Gia Lâm
2.85,57,2,Quận Tây Hồ
7.55,108,3,Quận Đống Đa
5.9,62,2,Quận Nam Từ Liêm
6.7,,2,Quận Cầu Giấy
5.5,77,2,Quận Cầu Giấy
31,200,3,Quận Ba Đình
9.75,94,2,Quận Tây Hồ
3.95,62,3,Quận Nam Từ Liêm
80,127.7,2,Quận Cầu Giấy
57.8,83,2,Quận Nam Từ Liêm
8.55,116.9,3,Quận Cầu Giấy
10,170,3,Quận Nam Từ Liêm
6.7,159,4,Quận Nam Từ Liêm
7,111,3,Quận Cầu Giấy
6.8,71,2,Quận Thanh Xuân
6.5,,2,Quận Thanh Xuân
14,172,4,Quận Thanh Xuân
4.75,121,3,Quận Nam Từ Liêm
7.2,87,2,Quận Nam Từ Liêm
6.6,132,3,Quận Cầu Giấy
9.9,198,4,Quận Nam Từ Liêm
4.2,69,2,Quận Tây Hồ
3.55,80,3,Quận Cầu Giấy
3.45,78,3,Quận Hoàng Mai
3.8,71,2,Quận Cầu Giấy
7.5,,2,Quận Thanh Xuân
3.95,82,3,Quận Nam Từ Liêm
12.1,144.5,3,Quận Cầu Giấy
7.1,100,3,Quận Cầu Giấy
29,57,2,Huyện Thạch Thất
5.4,86,3,Quận Nam Từ Liêm
7.5,153,3,Quận Cầu Giấy
5.57,71,2,Quận Cầu Giấy
7,135,2,Quận Nam Từ Liêm
4.5,70,2,Quận Nam Từ Liêm
6.45,94,3,Quận Bắc Từ Liêm
5.3,89,3,Quận Bắc Từ Liêm
4.35,97,3,Quận Nam Từ Liêm
6.2,82,,Quận Cầu Giấy
3.6,70,2,Quận Cầu Giấy
5,30,,Huyện Ba Vì
4.1,85,3,Quận Nam Từ Liêm
8.2,99.6,3,Quận Cầu Giấy
5.9,72,2,Quận Cầu Giấy
6.7,89,2,Quận Nam Từ Liêm
5.9,76.2,2,Quận Cầu Giấy
5,65,2,Quận Cầu Giấy
4.18,82.7,2,Quận Bắc Từ Liêm
10.2,108,3,Quận Nam Từ Liêm
4,62,2,Quận Cầu Giấy
6,103,3,Quận Nam Từ Liêm
7.1,71,2,Quận Nam Từ Liêm
3.9,90,3,Quận Thanh Xuân
7.6,101,2,Quận Đống Đa
4.3,90,3,Quận Thanh Xuân
3.7,74,1,Quận Nam Từ Liêm
11.2,134,4,Quận Thanh Xuân
8.6,110,3,Quận Cầu Giấy
3.5,60,2,Quận Nam Từ Liêm
6.3,97,2,Quận Cầu Giấy
5.7,73,2,Quận Nam Từ Liêm
5250,116,3,Quận Nam Từ Liêm
7,90,2,Quận Nam Từ Liêm
3.7,68,2,Quận Cầu Giấy
4.6,74,2,Quận Nam Từ Liêm
19,200,4,Quận Nam Từ Liêm
4.45,70,3,Quận Nam Từ Liêm
9.9,132,4,Quận Bắc Từ Liêm
4.5,69,2,Quận Nam Từ Liêm
12.2,104,3,Quận Tây Hồ
5.3,100,3,Quận Cầu Giấy
6.2,90,3,Quận Bắc Từ Liêm
6.8,133,2,Quận Nam Từ Liêm
4.7,80,3,Quận Nam Từ Liêm
10.5,108,3,Quận Nam Từ Liêm
9.8,134.5,2,Quận Cầu Giấy
6,109,3,Quận Bắc Từ Liêm
8,117,3,Quận Nam Từ Liêm
4.6,84,2,Quận Long Biên
1.8,43,1,Quận Bắc Từ Liêm
38,83,3,Quận Hà Đông
9.8,134.5,2,Quận Cầu Giấy
5.46,89,3,Quận Bắc Từ Liêm
3.2,83,3,Quận Hoàng Mai
7.3,117,3,Quận Nam Từ Liêm
3.35,70,2,Quận Bắc Từ Liêm
6.5,88,,Quận Tây Hồ
6.5,74.5,2,Quận Nam Từ Liêm
23,210,4,Quận Nam Từ Liêm
10.2,173,4,Quận Nam Từ Liêm
7.1,80,2,Quận Nam Từ Liêm
7.9,93,3,Quận Nam Từ Liêm
2.5,73,2,Quận Hà Đông
6.2,86,3,Quận Cầu Giấy
18,155,4,Quận Nam Từ Liêm
8.1,103,2,Quận Cầu Giấy
7400000000,117,2,Quận Cầu Giấy
9.8,161,4,Quận Nam Từ Liêm
6.5,117,3,Quận Nam Từ Liêm
22,220,4,Quận Nam Từ Liêm
4.2,76,2,Quận Hoàng Mai
12.5,171.6,3,Quận Cầu Giấy
10.2,111,3,Quận Nam Từ Liêm
15.1,130,4,Quận Nam Từ Liêm
17.5,105,3,Quận Thanh Xuân
8.2,81,2,Quận Nam Từ Liêm
5.1,88,2,Quận Nam Từ Liêm
4,56,2,Quận Đống Đa
4.85,83,3,Quận Nam Từ Liêm
6.7,133,2,Quận Nam Từ Liêm
5.3,83.3,2,Quận Nam Từ Liêm
4.5,90,3,Quận Thanh Xuân
4.2,61.5,2,Quận Nam Từ Liêm
7.6,130,3,Quận Nam Từ Liêm
2.2,67,2,Quận Bắc Từ Liêm
2.55,76,2,Huyện Thanh Trì
5.3,83,3,Quận Nam Từ Liêm
7,75,2,Quận Nam Từ Liêm
6.6,113,2,Quận Nam Từ Liêm
4.7,83,2,Quận Nam Từ Liêm
7.05,112,3,Quận Bắc Từ Liêm
4249999.87,74,2,Quận Nam Từ Liêm
3.5,60,2,Quận Nam Từ Liêm
6.6,98,3,Quận Bắc Từ Liêm
8,117,3,Quận Nam Từ Liêm
3.5,63,,Quận Nam Từ Liêm
3.45,51,2,Quận Cầu Giấy
4.15,67,2,Quận Nam Từ Liêm
5.5,105,3,Quận Nam Từ Liêm
8.7,106,3,Quận Nam Từ Liêm
7.5,85,3,Quận Nam Từ Liêm
6.5,75.7,2,Quận Cầu Giấy
15.8,130,4,Quận Nam Từ Liêm
2.8,64,2,Huyện Đông Anh
3,66,2,Huyện Thanh Trì
7.2,114,3,Quận Nam Từ Liêm
4.35,77,3,Quận Cầu Giấy
1.5,31,1,Huyện Gia Lâm
4.6,96.5,3,Quận Nam Từ Liêm
5.7,76,2,Quận Cầu Giấy
4.8,111,3,Quận Bắc Từ Liêm
5.3,90,3,Quận Cầu Giấy
7,73,2,Quận Nam Từ Liêm
4.3,100,3,Quận Nam Từ Liêm
5.1,120,3,Quận Nam Từ Liêm
8.2,105,3,Quận Nam Từ Liêm
3.5,75,2,Quận Bắc Từ Liêm
8,161,4,Quận Bắc Từ Liêm
4.8,83,2,Quận Nam Từ Liêm
1.95,35,,Quận Nam Từ Liêm
51000000,106,,Quận Nam Từ Liêm
4.3,96.3,3,Quận Nam Từ Liêm
5.2,95,2,Quận Nam Từ Liêm
5.3,95,3,Quận Bắc Từ Liêm
7.8,153,3,Quận Cầu Giấy
9,182,4,Quận Nam Từ Liêm
4.4,87,3,Quận Cầu Giấy
2.6,80,3,Quận Hoàng Mai
62,89,2,Quận Nam Từ Liêm
7,117,3,Quận Nam Từ Liêm
5,65,2,Quận Cầu Giấy
6.15,90,3,Quận Bắc Từ Liêm
4.1,62,2,Quận Nam Từ Liêm
5.1,86,2,Quận Nam Từ Liêm
5.5,110,3,Quận Nam Từ Liêm
3.50,75,2,Quận Bắc Từ Liêm
80,72.7,2,Quận Nam Từ Liêm
7.2,97.4,3,Quận Cầu Giấy
10,191,04,Quận Nam Từ Liêm
5.35,107,3,Quận Nam Từ Liêm
6.8,88,3,Quận Hai Bà Trưng
45,252,4,Quận Tây Hồ
3.44,73,2,Quận Long Biên
11,114,02,Quận Nam Từ Liêm
2.7,66,2,Huyện Thanh Trì
6.7,115,3,Quận Thanh Xuân
6.5,89,1,Quận Nam Từ Liêm
7.85,104,3,Quận Bắc Từ Liêm
6.5,77.5,2,Quận Cầu Giấy
2.8,69,2,Quận Nam Từ Liêm
10.5,136,3,Quận Thanh Xuân
6.5,96,3,Quận Cầu Giấy
3.05,83,3,Quận Hà Đông
4.5,97,2,Quận Thanh Xuân
8.15,145,3,Quận Thanh Xuân
6.2,109,3,Quận Bắc Từ Liêm
3.9,105,3,Quận Thanh Xuân
6.7,110,3,Quận Cầu Giấy
11.8,181,4,Quận Long Biên
17.5,137,4,Quận Nam Từ Liêm
12.7,285,4,Quận Thanh Xuân
4.85,98,3,Huyện Thanh Trì
5.4,104,03,Quận Nam Từ Liêm
8.9,95,3,Quận Cầu Giấy
4.1,62,2,Quận Nam Từ Liêm
5.7,112,3,Quận Nam Từ Liêm
5.2,91,03,Quận Cầu Giấy
6.9,156,3,Quận Nam Từ Liêm
4.35,83,3,Quận Bắc Từ Liêm
5.7,111,4,Quận Bắc Từ Liêm
60,69,2,Quận Nam Từ Liêm
2.7,46,2,Quận Đống Đa
3.3,70,03,Quận Nam Từ Liêm
54.5,124,3,Quận Nam Từ Liêm
5.25,76.2,2,Quận Cầu Giấy
4.8,94,3,Quận Nam Từ Liêm
5.4,109,3,Quận Hà Đông
6.2,160,,Quận Nam Từ Liêm
26,266.7,4,Quận Cầu Giấy
10.2,168,3,Quận Tây Hồ
6.9,156,3,Quận Nam Từ Liêm
7000000000,164,3,Quận Nam Từ Liêm
5.7,111,3,Quận Cầu Giấy
9,105,3,Quận Cầu Giấy
6.15,83,3,Quận Bắc Từ Liêm
4.35,90,3,Quận Thanh Xuân
5.40,80,2,Quận Long Biên
10.8,148,4,Quận Tây Hồ
6.3,105,3,Quận Hà Đông
2.91,81,2,Quận Hà Đông
2.3,30,1,Quận Long Biên
3,86,3,Quận Hoàng Mai
4.6,83,,Quận Nam Từ Liêm
6.00,90,3,Quận Bắc Từ Liêm
6.25,126,3,Quận Tây Hồ
3.55,75,3,Huyện Gia Lâm
3.95,110,3,Quận Long Biên
48,152,3,Quận Nam Từ Liêm
4.7,85,2,Quận Hà Đông
26.5,401,5,Quận Đống Đa
5.68,99,3,Quận Thanh Xuân
4.66,80,3,Quận Nam Từ Liêm
5.8,110,3,Quận Long Biên
3.88,121,4,Quận Hà Đông
4.1,76,2,Quận Cầu Giấy
2.55,43,1,Huyện Gia Lâm
22,200,,Quận Nam Từ Liêm
6.25,88,2,Quận Nam Từ Liêm
4.2,93,3,Quận Bắc Từ Liêm
3.15,54,2,Quận Bắc Từ Liêm
47,120,3,Quận Nam Từ Liêm
3.55,75,3,Huyện Gia Lâm
8,93,2,Quận Cầu Giấy
47.5,468,6,Quận Nam Từ Liêm
12,130,4,Quận Nam Từ Liêm
4.50,114,3,Quận Hà Đông
6.7,135,3,Quận Nam Từ Liêm
4,62,2,Quận Nam Từ Liêm
6.9,110,3,Quận Long Biên
7.5,114,3,Quận Tây Hồ
5.6,81,3,Quận Nam Từ Liêm
2.55,55,2,Huyện Gia Lâm
3.5,75,3,Quận Bắc Từ Liêm
6.6,137,3,Quận Hà Đông
2.90,63,2,Huyện Gia Lâm
6.9,83,2,Quận Cầu Giấy
106,457,3,Quận Ba Đình
4.35,97,3,Quận Nam Từ Liêm
5.9,123,3,Quận Hà Đông
4.8,80,2,Quận Nam Từ Liêm
8.3,110,3,Quận Thanh Xuân
6.2,110,3,Quận Nam Từ Liêm
5.3,94,2,Quận Bắc Từ Liêm
8.3,110,3,Quận Thanh Xuân
3.6,70.8,2,Quận Cầu Giấy
2.18,43,1,Huyện Gia Lâm
4.1,66,2,Quận Cầu Giấy
6.7,154,3,Quận Hà Đông
11,112,3,Quận Nam Từ Liêm
5.5,83,02,Quận Nam Từ Liêm
16,414,5,Quận Hà Đông
8.4,139,3,Quận Thanh Xuân
23.5,270,4,Quận Thanh Xuân
7,98.8,2,Quận Thanh Xuân
3.8,67,2,Quận Bắc Từ Liêm
3.65,71,2,Quận Bắc Từ Liêm
38,383,,Quận Thanh Xuân
9.8,112,3,Quận Thanh Xuân
4.8,80,2,Quận Nam Từ Liêm
4.8,80,3,Quận Cầu Giấy
5,65,2,Quận Nam Từ Liêm
7.3,117,3,Quận Bắc Từ Liêm
4.55,44,1,Quận Nam Từ Liêm
7.10,102,3,Quận Bắc Từ Liêm
7,104,3,Quận Cầu Giấy
4.05,75,2,Quận Tây Hồ
4.1,62,2,Quận Nam Từ Liêm
6.2,105,3,Quận Hà Đông
4.5,101,3,Quận Bắc Từ Liêm
4.5,76,2,Quận Hà Đông
6.85,82,2,Quận Nam Từ Liêm
60,124.3,,Quận Nam Từ Liêm
5,87,3,Quận Nam Từ Liêm
8.5,123.6,,Quận Cầu Giấy
4.5,83,3,Quận Nam Từ Liêm
5.4,83,3,Quận Nam Từ Liêm
16,137,3,Quận Đống Đa
6.6,128,4,Quận Nam Từ Liêm
8.8,126,3,Quận Cầu Giấy
4.26,71,2,Quận Bắc Từ Liêm
110,71,2,Quận Nam Từ Liêm
6.2,112.6,03,Quận Nam Từ Liêm
6.2,104,3,Quận Nam Từ Liêm
3.38,75,3,Huyện Gia Lâm
2.85,63,2,Huyện Gia Lâm
6.5,101,3,Quận Nam Từ Liêm
3.08,61,2,Quận Long Biên
8,99.6,3,Quận Cầu Giấy
72.3,83,3,Quận Bắc Từ Liêm
65,127,1,Quận Cầu Giấy
3.00,63,2,Huyện Gia Lâm
2.50,55,2,Huyện Gia Lâm
19,210,4,Quận Bắc Từ Liêm
3,63,2,Quận Hà Đông
3.9,67,2,Quận Long Biên
2.40,48,1,Huyện Gia Lâm
5.55,80,3,Quận Tây Hồ
2.18,43,1,Huyện Gia Lâm
4.1,105,3,Quận Nam Từ Liêm
52,168,3,Quận Thanh Xuân
7.3,84,3,Quận Cầu Giấy
3,70.7,2,Quận Cầu Giấy
16.5,157,2,Quận Bắc Từ Liêm
7.3,97,2,Quận Cầu Giấy
17,303,1,Quận Cầu Giấy
6.7,154,2,Quận Hà Đông
6.3,89,2,Quận Nam Từ Liêm
2.44,55,2,Huyện Gia Lâm
2.90,63,2,Huyện Gia Lâm
5.4,99,3,Quận Tây Hồ
8.55,117,3,Quận Cầu Giấy
7.5,147,3,Quận Đống Đa
4.7,80,2,Quận Nam Từ Liêm
3,51,1,Quận Cầu Giấy
6.3,95,3,Quận Nam Từ Liêm
4.83,82,3,Quận Thanh Xuân
45,65,2,Quận Nam Từ Liêm
3.5,100,3,Quận Long Biên
7.3,93,3,Quận Cầu Giấy
7.1,172,3,Quận Hà Đông
12.4,198,3,Quận Cầu Giấy
5.45,103,2,Quận Cầu Giấy
5.65,73,2,Quận Nam Từ Liêm
6,95,3,Quận Ba Đình
6.05,104,3,Quận Thanh Xuân
4.9,101,3,Quận Tây Hồ
4.2,70,2,Quận Bắc Từ Liêm
2.15,43,1,Huyện Gia Lâm
6.5,102,3,Quận Thanh Xuân
46,80.4,2,Quận Cầu Giấy
4.7,115,03,Quận Nam Từ Liêm
9.1,96,3,Quận Cầu Giấy
47,77,2,Quận Thanh Xuân
3.44,73,2,Quận Long Biên
2.45,55,2,Huyện Gia Lâm
3.95,80,3,Quận Cầu Giấy
2.82,63,2,Huyện Gia Lâm
16,303,4,Quận Thanh Xuân
2.40,55,2,Huyện Gia Lâm
3.6,64,2,Quận Long Biên
3.7,72,2,Quận Cầu Giấy
9.7,130,4,Quận Nam Từ Liêm
50,65,,Quận Nam Từ Liêm
7.2,105,3,Quận Cầu Giấy
4.8,80,3,Quận Nam Từ Liêm
3.9,98,2,Quận Cầu Giấy
5,80,2,Quận Cầu Giấy
53,226,04,Quận Nam Từ Liêm
8,150,3,Huyện Thanh Trì
6.9,122,3,Quận Thanh Xuân
2.2,67,2,Quận Bắc Từ Liêm
4.2,74,2,Quận Nam Từ Liêm
7.5,106,3,Quận Đống Đa
5.9,87,2,Quận Cầu Giấy
4.85,64,2,Quận Đống Đa
4.3,85,3,Quận Thanh Xuân
7.6,100,3,Quận Nam Từ Liêm
7.6,109,2,Quận Thanh Xuân
7.3,98,3,Quận Cầu Giấy
39,500,,Quận Thanh Xuân
7,156,4,Quận Nam Từ Liêm
7.3,135,3,Quận Nam Từ Liêm
6,83,3,Quận Bắc Từ Liêm
7.5,108,,Quận Thanh Xuân
5.5,120,2,Quận Nam Từ Liêm
4.1,60,2,Quận Hà Đông
5.7,63,2,Quận Cầu Giấy
5.8,80,02,Quận Nam Từ Liêm
8.5,94,3,Quận Thanh Xuân
6,83,3,Quận Nam Từ Liêm
4.7,55,1,Quận Thanh Xuân
10.5,130,3,Quận Đống Đa
5.99,88,2,Quận Nam Từ Liêm
8.4,139.6,1,Quận Thanh Xuân
7.2,118,3,Quận Cầu Giấy
2.65,58,2,Quận Nam Từ Liêm
3.2,93,3,Quận Bắc Từ Liêm
7.1,131,3,Quận Ba Đình
41,105,03,Quận Nam Từ Liêm
5.5,120,3,Quận Nam Từ Liêm
4,82,3,Quận Ba Đình
4.1,73,2,Quận Hai Bà Trưng
8.3,150,4,Quận Bắc Từ Liêm
38,105,3,Quận Nam Từ Liêm
8,127,3,Quận Thanh Xuân
5,113,3,Quận Hà Đông
8.35,84,2,Quận Ba Đình
6.8,122,2,Quận Hà Đông
50,65,,Quận Nam Từ Liêm
23.8,270,,Quận Thanh Xuân
5.8,77,2,Quận Cầu Giấy
4.4,68,2,Quận Cầu Giấy
7.1,122,3,Quận Hà Đông
4.5,92,3,Quận Tây Hồ
4,52,1,Quận Nam Từ Liêm
12.9,300,,Quận Thanh Xuân
5.35,97,2,Quận Hà Đông
7.4,135,03,Quận Nam Từ Liêm
8,127,3,Quận Bắc Từ Liêm
2.76,63,2,Huyện Gia Lâm
4.6,85.3,2,Quận Hà Đông
70,128,3,Quận Thanh Xuân
4.8,80,3,Quận Nam Từ Liêm
7.2,98,3,Quận Cầu Giấy
4,106,3,Quận Nam Từ Liêm
49,69,,Quận Nam Từ Liêm
6.75,135,3,Quận Nam Từ Liêm
5.3,76,,Quận Cầu Giấy
5.5,85,2,Quận Nam Từ Liêm
2.8,73,2,Quận Long Biên
2.9,63,2,Quận Hà Đông
7.8,104,3,Quận Nam Từ Liêm
11.8,146,3,Quận Tây Hồ
4.50,76,3,Huyện Gia Lâm
5.45,104,3,Quận Nam Từ Liêm
8,161,4,Quận Nam Từ Liêm
5.4,120,3,Quận Nam Từ Liêm
5.3,88.8,2,Quận Cầu Giấy
3700000,63,2,Quận Thanh Xuân
4.5,75,3,Quận Nam Từ Liêm
14.8,202,2,Quận Cầu Giấy
6.6,113,3,Quận Nam Từ Liêm
2.65,47,1,Huyện Gia Lâm
5.4,159,4,Quận Nam Từ Liêm
8.3,139.6,3,Quận Thanh Xuân
4.20,103,03,Quận Hà Đông
5,124,3,Quận Nam Từ Liêm
50,105,3,Quận Nam Từ Liêm
8.25,118,3,Quận Thanh Xuân
109,164,3,Quận Hoàn Kiếm
4.95,87,3,Quận Nam Từ Liêm
7.35,120,3,Quận Cầu Giấy
7,35,,Quận Cầu Giấy
4.15,86,2,Quận Cầu Giấy
8.8,126,3,Quận Cầu Giấy
3.2,87,2,Quận Bắc Từ Liêm
1.55,30,1,Quận Hoàn Kiếm
7,70,2,Quận Nam Từ Liêm
3.55,94,3,Quận Bắc Từ Liêm
4.95,80,2,Quận Long Biên
5.8,215,3,Quận Hà Đông
4.6,126,03,Quận Nam Từ Liêm
90,131,3,Quận Hoàn Kiếm
6.8,92,2,Quận Nam Từ Liêm
6,71,2,Quận Cầu Giấy
4.2,71,2,Quận Ba Đình
3.85,79,3,Quận Long Biên
4.6,106,3,Quận Nam Từ Liêm
6.1,111,3,Quận Ba Đình
2.75,75,2,Quận Long Biên
16000000000,170,4,Quận Nam Từ Liêm
4.2,90,03,Quận Thanh Xuân
1.98,43,1,Huyện Gia Lâm
16.8,331,5,Quận Cầu Giấy
7.1,102,3,Quận Bắc Từ Liêm
60,124.3,3,Quận Nam Từ Liêm
6.65,119,3,Quận Bắc Từ Liêm
2.65,80,3,Quận Đống Đa
6,72,2,Quận Nam Từ Liêm
5.6,80,2,Quận Nam Từ Liêm
3.20,75,3,Huyện Gia Lâm
3.88,70,2,Quận Ba Đình
4.2,70,,Quận Nam Từ Liêm
4.6,46,,Quận Nam Từ Liêm
2.9,45.7,1,Quận Nam Từ Liêm
10,135,3,Quận Cầu Giấy
5.4,102,3,Quận Cầu Giấy
7.7,84,3,Quận Nam Từ Liêm
5.45,105,3,Quận Hai Bà Trưng
7.1,102,2,Quận Thanh Xuân
8.4,100,3,Quận Cầu Giấy
3.55,69,,Quận Nam Từ Liêm
5.75,78,2,Quận Tây Hồ
5.8,123.7,3,Quận Hà Đông
4.5,80,3,Quận Nam Từ Liêm
7.6,105,2,Quận Thanh Xuân
7.5,135,3,Quận Thanh Xuân
85,158,3,Quận Cầu Giấy
8.56,97.3,3,Quận Thanh Xuân
4.9,75,2,Quận Bắc Từ Liêm
5.6,104,,Quận Nam Từ Liêm
2.35,66,2,Quận Bắc Từ Liêm
3.05,56,2,Quận Cầu Giấy
5.7,78,2,Quận Tây Hồ
4.36,85,3,Quận Long Biên
8.9,,3,Quận Thanh Xuân
6,,2,Quận Thanh Xuân
2.8,49,1,Quận Nam Từ Liêm
6,81,2,Quận Cầu Giấy
5.15,110,3,Quận Cầu Giấy
7.2,82,4,Quận Nam Từ Liêm
3.2,68.6,2,Quận Hoàng Mai
4.4,122,3,Quận Cầu Giấy
8.6,100,3,Quận Cầu Giấy
6.3,160,4,Quận Nam Từ Liêm
7.3,93,3,Quận Cầu Giấy
5.15,90,3,Quận Thanh Xuân
5.8,63,2,Quận Cầu Giấy
5.7,128,3,Quận Hà Đông
9.2,,3,Quận Nam Từ Liêm
3.55,62,2,Quận Cầu Giấy
3.5,51,2,Quận Tây Hồ
4.2,74,2,Quận Nam Từ Liêm
5.4,94,3,Quận Bắc Từ Liêm
3.6,68,2,Quận Bắc Từ Liêm
3.8,65,2,Quận Thanh Xuân
5.5,104,2,Quận Nam Từ Liêm
52,182,3,Quận Nam Từ Liêm
5.2,93.3,,Huyện Gia Lâm
7.5,153,3,Quận Nam Từ Liêm
3.35,66,2,Quận Hai Bà Trưng
9.8,120,3,Quận Hai Bà Trưng
5.5,95,3,Quận Tây Hồ
13.3,60,18,Quận Cầu Giấy
6.4,73,1,Quận Nam Từ Liêm
6.8,98,2,Quận Cầu Giấy
5.6,104,03,Quận Nam Từ Liêm
7,30,1,Quận Nam Từ Liêm
7.4,110,2,Quận Hai Bà Trưng
3.44,60,2,Quận Long Biên
5.5,63,2,Quận Nam Từ Liêm
2.2,92,3,Quận Bắc Từ Liêm
34,105.5,4,Quận Nam Từ Liêm
4.9,83,3,Quận Nam Từ Liêm
4.75,92,3,Quận Bắc Từ Liêm
2.1,50,2,Quận Hai Bà Trưng
3.20,75,3,Huyện Gia Lâm
5.3,104,3,Quận Nam Từ Liêm
5.8,68,2,Quận Nam Từ Liêm
3.5,78,3,Quận Hoàng Mai
5.3,143,3,Quận Nam Từ Liêm
1.95,43,1,Huyện Gia Lâm
6.57,88,02,Quận Nam Từ Liêm
3.96,68,2,Quận Ba Đình
6.1,137,3,Quận Hà Đông
10.5,131,3,Quận Thanh Xuân
2.7,56,2,Huyện Gia Lâm
4.6,86,3,Quận Bắc Từ Liêm
3.45,72,2,Huyện Đông Anh
6.5,98,3,Quận Nam Từ Liêm
7.6,85,3,Quận Cầu Giấy
12,164,3,Quận Thanh Xuân
5.25,86,3,Quận Nam Từ Liêm
5.6,803,2,Quận Bắc Từ Liêm
74,128,2,Quận Cầu Giấy
4.05,62,2,Quận Nam Từ Liêm
1.2,65,2,Quận Long Biên
8.5,120.8,3,Quận Cầu Giấy
10,112,2,Quận Nam Từ Liêm
17,95,3,Quận Thanh Xuân
11.5,170,3,Quận Thanh Xuân
76,172,3,Quận Cầu Giấy
11.2,151.6,4,Quận Thanh Xuân
45,90,2,Quận Hà Đông
9.3,182,4,Quận Nam Từ Liêm
3.5,52,2,Quận Cầu Giấy
6.5,108,2,Quận Nam Từ Liêm
5.9,63,2,Quận Cầu Giấy
6.3,118,3,Quận Hà Đông
8.5,98,,Quận Cầu Giấy
5.8,116,3,Quận Nam Từ Liêm
75,128,2,Quận Cầu Giấy
5.68,79,2,Quận Cầu Giấy
2.88,65,2,Huyện Gia Lâm
4.5,96,3,Quận Nam Từ Liêm
5.3,76,2,Quận Nam Từ Liêm
3.80,95,3,Quận Hà Đông
3.5,62,2,Quận Nam Từ Liêm
7.4,105,3,Quận Thanh Xuân
7.4,90,3,Quận Nam Từ Liêm
76,130,2,Quận Cầu Giấy
15,181,,Quận Thanh Xuân
10,97,3,Quận Ba Đình
7,93.6,02,Quận Nam Từ Liêm
5.9,101,3,Quận Nam Từ Liêm
3.59,108,3,Quận Hà Đông
3,70,2,Quận Long Biên
8.6,138,3,Quận Cầu Giấy
4,83.4,3,Quận Long Biên
2.6,77,3,Huyện Thanh Trì
2.87,92,3,Quận Bắc Từ Liêm
6,111,3,Quận Ba Đình
2.6,70,2,Quận Hà Đông
6.6,154,3,Quận Hà Đông
3.4,58,2,Quận Hoàng Mai
5.8,105,2,Quận Nam Từ Liêm
3.18,75,3,Huyện Gia Lâm
4.5,75,3,Quận Nam Từ Liêm
5.5,88,2,Quận Đống Đa
6.3,105,3,Quận Hà Đông
10,191,4,Quận Nam Từ Liêm
21.85,160,3,Quận Tây Hồ
2.9,48,1,Quận Hoàng Mai
5.3,74,2,Quận Cầu Giấy
5.3,90,3,Quận Cầu Giấy
4,67,2,Quận Nam Từ Liêm
8.1,131,1,Quận Thanh Xuân
5.2,96,3,Quận Nam Từ Liêm
80,266,4,Quận Cầu Giấy
2.35,55,2,Huyện Gia Lâm
2.9,45.7,1,Quận Nam Từ Liêm
4.4,75,2,Quận Hà Đông
9.35,96.4,3,Quận Nam Từ Liêm
8.1,110,3,Quận Cầu Giấy
3.4,58,2,Quận Hoàng Mai
5.5,114,3,Quận Hà Đông
17,152,4,Quận Nam Từ Liêm
3.9,86,03,Quận Nam Từ Liêm
6.2,114,2,Quận Ba Đình
4.95,87,2,Quận Cầu Giấy
4.3,89.5,3,Quận Hoàng Mai
1.91,60,2,Quận Hai Bà Trưng
6.7,125,4,Quận Nam Từ Liêm
6.85,102,3,Quận Cầu Giấy
3.4,81,02,Quận Nam Từ Liêm
6.1,75.7,2,Quận Cầu Giấy
7.05,110,3,Quận Nam Từ Liêm
6.35,95,3,Quận Thanh Xuân
1.63,92,3,Quận Bắc Từ Liêm
4.5,75,3,Quận Hà Đông
14.5,160,3,Quận Tây Hồ
5.5,104,3,Quận Nam Từ Liêm
6.8,146,3,Quận Hà Đông
8.1,95,3,Quận Cầu Giấy
7.6,,2,Quận Đống Đa
1.5,57,2,Quận Thanh Xuân
6.4,93,3,Quận Đống Đa
24,270,4,Quận Thanh Xuân
4.8,83,2,Quận Nam Từ Liêm
1.9,45,2,Quận Hoàng Mai
3.8,77,3,Quận Bắc Từ Liêm
33,160,3,Quận Cầu Giấy
9.8,102,3,Quận Đống Đa
7.1,85,2,Quận Tây Hồ
5,96,3,Quận Nam Từ Liêm
8,140,3,Quận Thanh Xuân
1.63,92,,Quận Bắc Từ Liêm
14.8,181,,Quận Thanh Xuân
6.3,85,2,Quận Bắc Từ Liêm
4.70,80,2,Huyện Hoài Đức
2.2,80,2,Quận Hoàng Mai
12,145,4,Quận Hai Bà Trưng
4.72,130,3,Quận Nam Từ Liêm
6.8,87.4,1,Quận Tây Hồ
5.5,96,2,Quận Cầu Giấy
2.4,65,2,Quận Hà Đông
9.9,112,2,Quận Nam Từ Liêm
11.4,124,3,Quận Thanh Xuân
5.6,110,3,Quận Cầu Giấy
2.3,43,1,Quận Nam Từ Liêm
7.5,100,3,Quận Hai Bà Trưng
147,7.3,3,Quận Nam Từ Liêm
4700000.26,97,3,Quận Bắc Từ Liêm
5,83,3,Quận Nam Từ Liêm
9.5,181,4,Quận Nam Từ Liêm
4.35,98,3,Quận Thanh Xuân
5.06,106,3,Quận Long Biên
6.5,100,3,Quận Nam Từ Liêm
10.00,74,,Quận Bắc Từ Liêm
6.8,135,3,Quận Nam Từ Liêm
7.5,104,3,Quận Nam Từ Liêm
36,124,3,Quận Nam Từ Liêm
8,110,3,Quận Hai Bà Trưng
8.2,125,3,Quận Cầu Giấy
2.9,54,2,Quận Nam Từ Liêm
6.2,105,3,Quận Cầu Giấy
3.65,70,3,Quận Nam Từ Liêm
5.95,80,2,Quận Hai Bà Trưng
2.9,48,1,Quận Hoàng Mai
4,51,1,Quận Nam Từ Liêm
5,91,2,Quận Hà Đông
2.38,55,2,Huyện Gia Lâm
18,70,2,Quận Nam Từ Liêm
5.1,90,3,Quận Bắc Từ Liêm
2.88,60,2,Quận Nam Từ Liêm
5.55,97,2,Quận Cầu Giấy
5,106.9,3,Quận Hà Đông
4.3,90,3,Quận Cầu Giấy
1.75,75,3,Quận Hà Đông
10,,,Quận Cầu Giấy
5.9,100,2,Quận Nam Từ Liêm
5.4,123,4,Quận Cầu Giấy
2.35,45,1,Quận Cầu Giấy
12,145,4,Quận Hai Bà Trưng
6.35,98,3,Quận Thanh Xuân
5,87,3,Quận Nam Từ Liêm
5,95,3,Quận Nam Từ Liêm
5.72,97,3,Quận Hà Đông
7.3,147,4,Quận Nam Từ Liêm
4.30,85,3,Quận Long Biên
3.9,84,2,Quận Thanh Xuân
5.7,109,3,Quận Cầu Giấy
5.45,65,2,Quận Nam Từ Liêm
2.60,65,2,Huyện Gia Lâm
6.9,126,3,Quận Cầu Giấy
3.5,106,3,Quận Nam Từ Liêm
7,80,2,Quận Đống Đa
2.9,69,2,Quận Nam Từ Liêm
7.3,97,3,Quận Thanh Xuân
4.5,121,3,Quận Nam Từ Liêm
2270000128,95,,Quận Hà Đông
9.2,127,03,Quận Cầu Giấy
6,69,2,Quận Cầu Giấy
2.30,55,2,Huyện Gia Lâm
6,71,3,Quận Cầu Giấy
8.68,126,3,Quận Cầu Giấy
5.6,105,3,Quận Hà Đông
4.7,107,03,Quận Nam Từ Liêm
7.3,95,3,Quận Cầu Giấy
6.8,98,2,Quận Cầu Giấy
15.5,211,4,Quận Cầu Giấy
5.5,97,2,Quận Cầu Giấy
19,93,2,Quận Cầu Giấy
6.3,76,2,Quận Cầu Giấy
4.9,91,2,Quận Hà Đông
2,50,2,Quận Thanh Xuân
6.79,135,3,Quận Nam Từ Liêm
3.25,95,2,Quận Hà Đông
7.1,86,02,Quận Cầu Giấy
40,84.9,2,Quận Tây Hồ
3.7,90,3,Quận Hà Đông
1.63,92,3,Quận Bắc Từ Liêm
3.3,91,2,Quận Hà Đông
2.2,92,3,Quận Bắc Từ Liêm
9.5,182,3,Quận Nam Từ Liêm
7.5,138,3,Quận Cầu Giấy
5.6,77,4,Quận Cầu Giấy
5.1,101,3,Quận Long Biên
5.9,101,3,Quận Nam Từ Liêm
4.4,92,3,Quận Long Biên
5.35,86,3,Quận Nam Từ Liêm
4.2,77,2,Quận Tây Hồ
7.3,100,3,Quận Cầu Giấy
2.3,45,1,Quận Cầu Giấy
8.2,128,3,Quận Cầu Giấy
30000000,92,,Quận Bắc Từ Liêm
6,154,3,Quận Hà Đông
7.5,113,,Quận Thanh Xuân
2.27,95,3,Quận Hà Đông
5.4,84,03,Quận Bắc Từ Liêm
5.3,120,3,Quận Long Biên
17,152,4,Quận Nam Từ Liêm
5.9,118,3,Quận Nam Từ Liêm
3.5,99,3,Quận Hà Đông
8.8,182,4,Quận Nam Từ Liêm
3333333248,70,2,Quận Cầu Giấy
4.9,83,3,Quận Nam Từ Liêm
5.2,73,2,Quận Nam Từ Liêm
6.2,141,2,Quận Hà Đông
5,70,2,Quận Cầu Giấy
5.4,104,2,Quận Nam Từ Liêm
5.06,106,3,Quận Long Biên
8,105,3,Quận Cầu Giấy
6,133,4,Quận Nam Từ Liêm
5.1,86,3,Quận Bắc Từ Liêm
5.3,62,2,Quận Cầu Giấy
39,500,,Quận Thanh Xuân
3.6,76,2,Quận Hà Đông
7.3,147,3,Quận Cầu Giấy
6.5,91,3,Quận Thanh Xuân
4.7,83,3,Quận Nam Từ Liêm
2.31,55,2,Huyện Gia Lâm
4.9,83,3,Quận Nam Từ Liêm
5.99,109,3,Quận Cầu Giấy
8.6,131,3,Quận Thanh Xuân
2.3,60,2,Quận Ba Đình
7.65,105,3,Quận Thanh Xuân
6.5,90,2,Quận Hai Bà Trưng
3,92,3,Quận Bắc Từ Liêm
4.1,73,2,Quận Nam Từ Liêm
3.6,62,2,Quận Nam Từ Liêm
2.45,77,2,Quận Long Biên
4.4,74,2,Quận Bắc Từ Liêm
3.55,79,2,Quận Hà Đông
3.5,60,2,Quận Hoàng Mai
5.15,72,2,Quận Cầu Giấy
4.4,78.5,2,Quận Nam Từ Liêm
6.3,98,2,Quận Cầu Giấy
4,89,2,Quận Hà Đông
5,104,3,Quận Nam Từ Liêm
4,114,2,Quận Hà Đông
5.38,80,2,Quận Bắc Từ Liêm
8.5,125,3,Quận Cầu Giấy
1.82,43,1,Huyện Gia Lâm
8.3,109,1,Quận Tây Hồ
2.2,92,3,Quận Bắc Từ Liêm
5.25,76,2,Quận Cầu Giấy
5.2,,2,Quận Nam Từ Liêm
3.4,72,2,Quận Hà Đông
5.8,98,2,Quận Thanh Xuân
4,91.2,3,Quận Nam Từ Liêm
9.8,192,2,Quận Nam Từ Liêm
5.3,104,3,Quận Nam Từ Liêm
6.5,98,3,Quận Nam Từ Liêm
4,74,2,Quận Nam Từ Liêm
2.3,28,,Quận Nam Từ Liêm
3.9,92,2,Quận Cầu Giấy
8,127,3,Quận Cầu Giấy
5.4,104,3,Quận Nam Từ Liêm
4.2,73,2,Quận Cầu Giấy
5.25,110,3,Quận Nam Từ Liêm
3.90,77,,Quận Long Biên
4,90,3,Quận Nam Từ Liêm
4.30,85,3,Quận Long Biên
9.3,182,4,Quận Nam Từ Liêm
41,65,2,Quận Long Biên
7,156,2,Quận Nam Từ Liêm
4.3,96.3,3,Quận Nam Từ Liêm
5.75,105,3,Quận Nam Từ Liêm
2.8,42,1,Quận Nam Từ Liêm
5,83,3,Quận Nam Từ Liêm
4,78,2,Quận Nam Từ Liêm
5.3,104,3,Quận Nam Từ Liêm
4.40,85,3,Quận Long Biên
5.4,78,2,Quận Nam Từ Liêm
8,173,3,Quận Hà Đông
4.5,78.5,2,Quận Nam Từ Liêm
20,92,2,Quận Bắc Từ Liêm
5.6,102,3,Quận Nam Từ Liêm
4.5,46,,Quận Nam Từ Liêm
4.4,74,2,Quận Bắc Từ Liêm
9.9,198,4,Quận Nam Từ Liêm
7,86,3,Quận Cầu Giấy
3,51,5,Quận Cầu Giấy
4.4,90.8,2,Quận Cầu Giấy
2.2,80,3,Quận Hoàng Mai
5.6,107,2,Quận Thanh Xuân
3.58,85,2,Quận Hà Đông
8.4,95,3,Quận Cầu Giấy
3.6,74,1,Quận Nam Từ Liêm
5.3,104,3,Quận Nam Từ Liêm
9.5,124,3,Quận Thanh Xuân
6900000.00,81,3,Quận Nam Từ Liêm
5.06,106,3,Quận Long Biên
6899999744,97.2,3,Quận Bắc Từ Liêm
7.6,,2,Quận Thanh Xuân
9.2,184,4,Quận Nam Từ Liêm
5.6,122,3,Quận Hà Đông
12.3,121,3,Quận Nam Từ Liêm
5.00,100,,Quận Hai Bà Trưng
3.2,70,2,Quận Nam Từ Liêm
6.8,135,3,Quận Nam Từ Liêm
2.45,69.3,2,Quận Long Biên
5.3,91,3,Quận Nam Từ Liêm
2.5,85,2,Quận Hà Đông
6.2,122,3,Quận Cầu Giấy
1.52,33,1,Huyện Gia Lâm
3.7,92,02,Quận Bắc Từ Liêm
330000000,60,2,Quận Cầu Giấy
6,93,3,Quận Thanh Xuân
5,83,3,Quận Nam Từ Liêm
5.5,72,2,Quận Cầu Giấy
5.5,105,3,Quận Nam Từ Liêm
2.62,65,2,Huyện Gia Lâm
8.5,110,,Quận Cầu Giấy
5.1,101,3,Quận Long Biên
2.95,60,2,Quận Nam Từ Liêm
4.5,80,2,Quận Nam Từ Liêm
6,147,3,Quận Hà Đông
4,75,2,Quận Tây Hồ
5.5,112,3,Quận Cầu Giấy
1.58,35,2,Quận Hai Bà Trưng
9.6,64,2,Quận Tây Hồ
4.5,78,2,Quận Long Biên
4.5,95,2,Quận Cầu Giấy
5.2,74,2,Quận Nam Từ Liêm
6.4,107.4,3,Quận Thanh Xuân
8.45,150,4,Quận Đống Đa
47,110,3,Quận Nam Từ Liêm
1.63,45,2,Huyện Thanh Trì
4.2,72,2,Quận Hà Đông
5.4,104,3,Quận Nam Từ Liêm
8.7,117,3,Quận Cầu Giấy
3.5,57,2,Quận Cầu Giấy
8.3,115,3,Quận Ba Đình
5.1,109,3,Quận Cầu Giấy
61,162,4,Quận Cầu Giấy
5,107,2,Quận Hà Đông
17.5,,4,Quận Thanh Xuân
3.35,65,2,Quận Nam Từ Liêm
5.3,96,3,Quận Nam Từ Liêm
4,76,2,Quận Nam Từ Liêm
10.3,167,4,Quận Long Biên
6.6,87,2,Quận Tây Hồ
7.9,93,3,Quận Nam Từ Liêm
4.4,85,3,Quận Long Biên
5.3,91,3,Quận Nam Từ Liêm
5.3,90,3,Quận Bắc Từ Liêm
5.9,76,2,Quận Cầu Giấy
7.45,117,3,Quận Cầu Giấy
7,111,2,Quận Tây Hồ
3.5,64,2,Quận Nam Từ Liêm
4.3,76,2,Quận Hà Đông
9.8,128,3,Quận Tây Hồ
5.6,110,3,Quận Cầu Giấy
7.2,99,3,Quận Cầu Giấy
3500000,69,2,Huyện Đông Anh
5.6,72,2,Quận Cầu Giấy
6.8,98,4,Quận Cầu Giấy
4.5,65,,Quận Nam Từ Liêm
70,117,03,Quận Cầu Giấy
970,36,2,Huyện Thanh Trì
9,145,3,Quận Cầu Giấy
5.35,72,2,Quận Cầu Giấy
14.8,146,3,Quận Tây Hồ
68,117,2,Quận Cầu Giấy
9.8,,3,Quận Nam Từ Liêm
6.35,85,2,Quận Cầu Giấy
8,152,2,Quận Nam Từ Liêm
8.95,135,4,Quận Cầu Giấy
2.58,77,2,Quận Hà Đông
63,3,2,Quận Cầu Giấy
2.4,38,,Quận Cầu Giấy
2.39,64,2,Quận Hà Đông
5.2,127,3,Quận Nam Từ Liêm
5.5,90,2,Quận Ba Đình
5.3,120,3,Quận Long Biên
5,135,3,Quận Nam Từ Liêm
3.6,60,2,Quận Cầu Giấy
3.39,82,2,Quận Hà Đông
7.5,121,3,Quận Cầu Giấy
8.4,85,3,Quận Cầu Giấy
3.5,81.6,2,Quận Nam Từ Liêm
40,74.7,2,Quận Tây Hồ
3.7,70,2,Quận Bắc Từ Liêm
3.6,80,2,Quận Hà Đông
4.4,98,3,Quận Nam Từ Liêm
55,90,2,Quận Nam Từ Liêm
2.3,65,3,Quận Thanh Xuân
2.35,64,2,Quận Hà Đông
5.7,109,3,Quận Cầu Giấy
4.9,126,3,Quận Nam Từ Liêm
5.3,74,2,Quận Thanh Xuân
6.5,34,,Quận Cầu Giấy
5.1,131,3,Quận Nam Từ Liêm
5.5,100,3,Quận Cầu Giấy
8,113,03,Quận Cầu Giấy
8.1,117,3,Quận Cầu Giấy
4.95,100,3,Quận Cầu Giấy
6,74,2,Quận Cầu Giấy
8.1,105,2,Quận Cầu Giấy
14.8,168,3,Quận Cầu Giấy
4.6,97,3,Quận Nam Từ Liêm
4.1,76,2,Quận Nam Từ Liêm
5.6,110,3,Quận Cầu Giấy
5.2,96,3,Quận Nam Từ Liêm
17.5,235,4,Quận Thanh Xuân
5.5,,1,Quận Thanh Xuân
7.4,138,3,Quận Cầu Giấy
5.65,72,2,Quận Cầu Giấy
5.00,100,,Quận Hai Bà Trưng
6.2,93,2,Quận Cầu Giấy
4.8,126,3,Quận Nam Từ Liêm
7.3,94,3,Quận Nam Từ Liêm
5.4,104,3,Quận Nam Từ Liêm
22,222,3,Quận Thanh Xuân
5.4,76,2,Quận Cầu Giấy
17.5,240,4,Quận Thanh Xuân
5.3,74,2,Quận Thanh Xuân
4.30,94,3,Quận Long Biên
7.2,93,3,Quận Cầu Giấy
3.2,64,2,Quận Nam Từ Liêm
5.9,76,2,Quận Cầu Giấy
5.4,159,4,Quận Nam Từ Liêm
6.2,,2,Quận Thanh Xuân
3.50,101,3,Quận Hà Đông
8.3,105,3,Quận Nam Từ Liêm
5.1,101,3,Quận Long Biên
9.3,151,4,Quận Bắc Từ Liêm
5,124,2,Quận Hà Đông
14,198,4,Quận Nam Từ Liêm
4.4,85,3,Quận Long Biên
5.15,76,2,Quận Cầu Giấy
6.5,,2,Quận Thanh Xuân
2.35,60,2,Quận Hà Đông
4.4,78,2,Quận Hoàng Mai
300000,92,3,Quận Bắc Từ Liêm
3.2,65,2,Quận Thanh Xuân
4.48,73,2,Quận Bắc Từ Liêm
6,77,2,Quận Cầu Giấy
2.8,54,2,Quận Nam Từ Liêm
2.2,43,,Quận Nam Từ Liêm
7,140,3,Quận Cầu Giấy
5.06,106,3,Quận Long Biên
3.6,60,2,Quận Cầu Giấy
5.6,77,2,Quận Cầu Giấy
4.30,85,3,Quận Long Biên
1.5,66,2,Huyện Thạch Thất
8.4,125,3,Quận Cầu Giấy
4.95,88,2,Quận Cầu Giấy
3.8,77,2,Quận Long Biên
6.2,81,3,Quận Nam Từ Liêm
4.91,125,3,Quận Nam Từ Liêm
5.1,114,3,Quận Hà Đông
7,140,3,Quận Cầu Giấy
5.9,77,2,Quận Cầu Giấy
4.8,86,2,Quận Hà Đông
4.4,85,3,Quận Long Biên
3.4,70,2,Quận Hoàng Mai
3.04,55,2,Quận Nam Từ Liêm
8.9,127,3,Quận Cầu Giấy
4.30,97,3,Quận Long Biên
9,145,3,Quận Cầu Giấy
6.45,98,2,Quận Cầu Giấy
8.3,117,,Quận Cầu Giấy
6.8,74,2,Quận Cầu Giấy
5.9,109,3,Quận Cầu Giấy
3.9,73,2,Quận Hà Đông
16,200,4,Quận Thanh Xuân
8.2,131,,Quận Thanh Xuân
74,100,2,Quận Cầu Giấy
5.8,98,2,Quận Cầu Giấy
4.2,67,2,Quận Nam Từ Liêm
4.95,159,3,Quận Nam Từ Liêm
5.3,74,3,Quận Thanh Xuân
6,135,3,Quận Nam Từ Liêm
8,134,,Quận Bắc Từ Liêm
9,181,3,Quận Nam Từ Liêm
5.00,80,,Huyện Ba Vì
3.78,77,2,Quận Long Biên
4.5,83,2,Quận Nam Từ Liêm
6.8,109,2,Quận Thanh Xuân
5,90,3,Quận Bắc Từ Liêm
7.3,94,3,Quận Thanh Xuân
70,145,3,Quận Cầu Giấy
5.00,80,1,Huyện Mỹ Đức
5,95,2,Quận Cầu Giấy
6.5,93,2,Quận Thanh Xuân
5.5,,2,Quận Thanh Xuân
3.4,70,1,Huyện Gia Lâm
8,109,3,Quận Tây Hồ
3.4,60,2,Quận Cầu Giấy
5.6,104,3,Quận Nam Từ Liêm
5.8,100,2,Quận Cầu Giấy
8.5,132,3,Quận Bắc Từ Liêm
3.5,62,2,Quận Nam Từ Liêm
5.15,102,2,Quận Bắc Từ Liêm
5,102,3,Quận Bắc Từ Liêm
5.00,100,,Quận Cầu Giấy
14.5,203,4,Quận Cầu Giấy
4.35,78,2,Quận Cầu Giấy
3.35,66.8,2,Quận Bắc Từ Liêm
1500000000,36,,Huyện Gia Lâm
2.8,60,2,Quận Nam Từ Liêm
7.4,,3,Quận Thanh Xuân
4.7,154,3,Quận Hà Đông
6.2,88,3,Quận Cầu Giấy
5.2,83,3,Quận Nam Từ Liêm
3.5,70,2,Quận Bắc Từ Liêm
11,145,4,Quận Thanh Xuân
9.7,127,3,Quận Cầu Giấy
5.4,108,3,Quận Cầu Giấy
17,175,3,Quận Thanh Xuân
8,152,3,Quận Nam Từ Liêm
4.9,90,3,Quận Nam Từ Liêm
7.3,95,,Quận Cầu Giấy
14.5,181,3,Quận Thanh Xuân
5.2,86,3,Quận Bắc Từ Liêm
8.9,95,3,Quận Nam Từ Liêm
5.4,83,3,Quận Nam Từ Liêm
5.25,90,3,Quận Bắc Từ Liêm
5.6,102,3,Quận Nam Từ Liêm
2.8,82,3,Huyện Đông Anh
2.89,55,1,Quận Cầu Giấy
6.8,98,2,Quận Cầu Giấy
4.7,69,2,Quận Thanh Xuân
4.2,76,2,Quận Nam Từ Liêm
8,90,2,Quận Cầu Giấy
4.8,83,2,Quận Nam Từ Liêm
4.95,95,2,Quận Cầu Giấy
3.7,62,2,Quận Nam Từ Liêm
65,98,2,Quận Cầu Giấy
8.5,132,4,Quận Nam Từ Liêm
5.5,103,3,Quận Cầu Giấy
6.5,154,3,Quận Hà Đông
5.2,74,2,Quận Nam Từ Liêm
5.8,88,2,Quận Cầu Giấy
4.2,91,02,Quận Cầu Giấy
70,145,3,Quận Cầu Giấy
7.2,126,3,Quận Đống Đa
2.8,82,3,Huyện Đông Anh
7,93,2,Quận Thanh Xuân
7.5,106,03,Quận Cầu Giấy
3.9,70,2,Quận Hà Đông
19,175,3,Quận Thanh Xuân
4,76,2,Quận Nam Từ Liêm
5.6,122,3,Quận Cầu Giấy
6,90,3,Quận Thanh Xuân
3.30,73,2,Quận Long Biên
4.35,88,3,Quận Long Biên
5.2,101,3,Quận Nam Từ Liêm
2.2,,,Quận Nam Từ Liêm
5.9,99,2,Quận Thanh Xuân
2.4,50,1,Huyện Gia Lâm
7.5,103,3,Quận Long Biên
6,93,2,Quận Cầu Giấy
5.2,100,3,Quận Nam Từ Liêm
4.1,90,2,Quận Hà Đông
7.6,100,3,Quận Nam Từ Liêm
2.9,65,3,Quận Nam Từ Liêm
7.5,90,3,Quận Cầu Giấy
5.45,62,2,Quận Cầu Giấy
9,106.6,3,Quận Cầu Giấy
6,154,3,Quận Hà Đông
5.9,75.7,2,Quận Cầu Giấy
2.32,50,1,Huyện Gia Lâm
5.2,100,3,Quận Nam Từ Liêm
3,81,3,Quận Bắc Từ Liêm
5.2,101,3,Quận Nam Từ Liêm
5.3,101,3,Quận Nam Từ Liêm
5.85,112,3,Quận Nam Từ Liêm
5,88.3,3,Quận Hai Bà Trưng
8.5,95,3,Quận Cầu Giấy
7.3,124,3,Quận Cầu Giấy
4,86,2,Quận Hà Đông
6,82,2,Quận Cầu Giấy
5.6,73,2,Quận Thanh Xuân
5.3,133,2,Quận Nam Từ Liêm
3.3,106,3,Quận Nam Từ Liêm
14.9,181,3,Quận Thanh Xuân
5.8,124,3,Quận Thanh Xuân
45,150,03,Quận Cầu Giấy
4.7,149,3,Quận Cầu Giấy
11,58,2,Quận Hoàn Kiếm
5.95,153,3,Quận Nam Từ Liêm
70,125,3,Quận Cầu Giấy
5.6,105,3,Quận Hà Đông
2.3,60,2,Quận Hai Bà Trưng
800,61,1,Quận Nam Từ Liêm
5.15,102,3,Quận Bắc Từ Liêm
6.9,56,,Quận Ba Đình
3.8,77,2,Quận Long Biên
8.3,110,3,Quận Bắc Từ Liêm
2.8,70,2,Quận Hà Đông
9.6,47,1,Quận Hoàn Kiếm
6.2,88,2,Quận Cầu Giấy
4.35,74,2,Quận Bắc Từ Liêm
19,240,,Quận Thanh Xuân
2.8,69,2,Quận Hà Đông
5.2,134,3,Quận Hà Đông
6.7,114,3,Quận Bắc Từ Liêm
5.9,160,4,Quận Nam Từ Liêm
3.55,67,2,Quận Bắc Từ Liêm
5.4,159,03,Quận Nam Từ Liêm
4.1,76,2,Quận Nam Từ Liêm
3.78,77,2,Quận Long Biên
33,90,3,Quận Hà Đông
3.9,120,3,Quận Bắc Từ Liêm
3.9,75,2,Quận Hà Đông
9.5,127,3,Quận Cầu Giấy
35,415,3,Quận Thanh Xuân
3.15,73,2,Quận Long Biên
10.5,135.4,2,Quận Cầu Giấy
4.3,74,2,Quận Bắc Từ Liêm
2.90,66,2,Quận Long Biên
4.30,85,3,Quận Long Biên
5.1,83,3,Quận Bắc Từ Liêm
2.8,65.6,2,Quận Long Biên
5.55,97,2,Quận Cầu Giấy
6,112,3,Quận Bắc Từ Liêm
3.41,69,2,Quận Long Biên
5.10,87,3,Quận Long Biên
5.1,102,3,Quận Bắc Từ Liêm
4,74,2,Quận Bắc Từ Liêm
3.8,77,2,Quận Long Biên
4.8,85,2,Quận Hà Đông
8.9,125,03,Quận Cầu Giấy
4.4,74,2,Quận Bắc Từ Liêm
8.2,133,1,Quận Thanh Xuân
1.2,86,3,Quận Long Biên
4.2,66,2,Quận Nam Từ Liêm
8.76,117,3,Quận Cầu Giấy
3.4,67,2,Quận Bắc Từ Liêm
6.3,93,2,Quận Cầu Giấy
3.60,80,3,Quận Long Biên
5.3,120,3,Quận Long Biên
3.1,82,3,Huyện Đông Anh
7,75,2,Quận Hoàn Kiếm
5,95,2,Quận Cầu Giấy
6.5,138,3,Quận Hà Đông
4.1,77.5,2,Quận Long Biên
5.9,160,4,Quận Nam Từ Liêm
28,340,5,Quận Cầu Giấy
5.00,100,,Quận Cầu Giấy
8.6,138,03,Quận Cầu Giấy
3.7,76,2,Quận Nam Từ Liêm
80,313.7,4,Quận Cầu Giấy
7.2,95,3,Quận Cầu Giấy
3.3,85,3,Huyện Đông Anh
5.8,98,2,Quận Cầu Giấy
2.28,38,,Quận Cầu Giấy
5.00,100,,Quận Cầu Giấy
5.5,96.5,2,Quận Cầu Giấy
2.8,82,3,Huyện Đông Anh
71,117,,Quận Cầu Giấy
8.5,127,3,Quận Cầu Giấy
4.2,75,2,Quận Nam Từ Liêm
4.8,110,3,Quận Cầu Giấy
4.10,77,2,Quận Long Biên
5.7,83,2,Quận Tây Hồ
8.6,137,3,Quận Cầu Giấy
8.2,125,3,Quận Cầu Giấy
5.5,120.5,3,Quận Nam Từ Liêm
5,83,3,Quận Bắc Từ Liêm
5.4,120,3,Quận Long Biên
4.30,85,2,Quận Long Biên
2.1,50,2,Quận Hai Bà Trưng
3.5,66.8,2,Quận Bắc Từ Liêm
28.5,350,4,Quận Cầu Giấy
4.85,83,3,Quận Bắc Từ Liêm
6.8,124,3,Quận Hà Đông
7.92,138,3,Quận Cầu Giấy
6.3,87,2,Quận Bắc Từ Liêm
5.3,90,3,Quận Bắc Từ Liêm
10.5,208,4,Quận Cầu Giấy
4.3,60,2,Quận Cầu Giấy
2.1,50,2,Quận Hai Bà Trưng
14,203,3,Quận Cầu Giấy
14.9,202.7,04,Quận Cầu Giấy
6.3,117,3,Quận Cầu Giấy
5.4,99,2,Quận Cầu Giấy
3.9,90,3,Quận Bắc Từ Liêm
7.6,97,3,Quận Cầu Giấy
5.2,91,2,Quận Cầu Giấy
34,130,3,Quận Hà Đông
5.9,98,2,Quận Cầu Giấy
6.95,129,3,Quận Bắc Từ Liêm
4.5,74,2,Quận Bắc Từ Liêm
4.4,72,2,Quận Hà Đông
6.2,116,3,Quận Nam Từ Liêm
3.8,84,2,Quận Nam Từ Liêm
3.6,68,2,Quận Bắc Từ Liêm
5.9,99,2,Quận Thanh Xuân
6.8,95,3,Quận Cầu Giấy
8.5,138,3,Quận Cầu Giấy
3.85,77,2,Quận Long Biên
6.5,119,3,Quận Cầu Giấy
3.7,80,2,Quận Bắc Từ Liêm
2.9,68,1,Quận Long Biên
4,89,2,Quận Long Biên
6.5,114,3,Quận Bắc Từ Liêm
3.15,65,3,Quận Nam Từ Liêm
5.3,101,3,Quận Nam Từ Liêm
4.6,74,2,Quận Bắc Từ Liêm
25,298,04,Quận Cầu Giấy
4.1,77,2,Quận Long Biên
3.85,77,2,Quận Long Biên
4.30,85,3,Quận Long Biên
4.3,92,3,Quận Long Biên
7,75,2,Quận Hoàn Kiếm
5,102,3,Quận Bắc Từ Liêm
3,62,2,Quận Cầu Giấy
4.1,89,2,Quận Hà Đông
1.25,42,,Quận Bắc Từ Liêm
4.2,66,2,Quận Thanh Xuân
2.55,60,2,Quận Thanh Xuân
3.30,73,2,Quận Long Biên
4.1,77,2,Quận Long Biên
10.5,208,4,Quận Cầu Giấy
2.9,66,2,Quận Long Biên
8.95,119,3,Quận Cầu Giấy
2.65,60,2,Quận Đống Đa
3.6,80,3,Quận Cầu Giấy
2.85,66,2,Quận Long Biên
85,313.7,4,Quận Cầu Giấy
2.9,66,2,Quận Long Biên
5.2,90,3,Quận Bắc Từ Liêm
4.8,93,3,Quận Bắc Từ Liêm
26,266,4,Quận Cầu Giấy
8.6,150,4,Quận Đống Đa
8.2,95,3,Quận Cầu Giấy
6,73,2,Quận Cầu Giấy
4.45,130,4,Quận Hà Đông
2.65,71,2,Quận Hà Đông
5.9,99,2,Quận Thanh Xuân
5.3,102,3,Quận Bắc Từ Liêm
3.3,73,2,Quận Long Biên
4.3,90,3,Quận Hà Đông
4.3,74,2,Quận Bắc Từ Liêm
4.2,74,2,Quận Bắc Từ Liêm
2.3,40,,Quận Cầu Giấy
5.8,128,3,Quận Hà Đông
3.59,80,2,Quận Hà Đông
2.8,81.4,3,Huyện Đông Anh
3.7,69,2,Quận Nam Từ Liêm
5.95,160,4,Quận Nam Từ Liêm
2.9,65,2,Quận Nam Từ Liêm
3,85,3,Huyện Đông Anh
5.9,99,2,Quận Thanh Xuân
5.5,104,3,Quận Nam Từ Liêm
8.2,50,,Quận Bắc Từ Liêm
4.3,74,2,Quận Bắc Từ Liêm
6.5,118,3,Quận Hà Đông
4.1,89,2,Quận Long Biên
4.6,93,3,Quận Bắc Từ Liêm
4.9,83,3,Quận Nam Từ Liêm
4,74,2,Quận Bắc Từ Liêm
3.4,66.8,3,Quận Bắc Từ Liêm
4.95,97,2,Quận Cầu Giấy
4.4,92,3,Quận Long Biên
4.30,85,3,Quận Long Biên
4.1,77.5,2,Quận Long Biên
4.30,85,3,Quận Long Biên
5.7,132,3,Huyện Hoài Đức
8.5,148.6,3,Quận Cầu Giấy
4,,2,Quận Bắc Từ Liêm
72,117,3,Quận Cầu Giấy
4.4,74,2,Quận Bắc Từ Liêm
5.32,128,3,Quận Nam Từ Liêm
3.85,66,2,Quận Ba Đình
7.5,155.6,3,Quận Cầu Giấy
3.25,80,2,Quận Nam Từ Liêm
4.8,126,3,Quận Nam Từ Liêm
3.3,85,3,Huyện Đông Anh
2.1,50,2,Quận Hai Bà Trưng
3.2,85,3,Huyện Đông Anh
6,98,2,Quận Cầu Giấy
9.5,127,3,Quận Cầu Giấy
70,313.7,4,Quận Cầu Giấy
13.5,138,3,Quận Đống Đa
5.3,90,3,Quận Bắc Từ Liêm
5,110,2,Quận Cầu Giấy
5.2,99.5,2,Quận Cầu Giấy
3.4,70,2,Quận Bắc Từ Liêm
2.7,78,3,Quận Hà Đông
6.55,98,3,Quận Bắc Từ Liêm
11,208,4,Quận Cầu Giấy
80,313.7,4,Quận Cầu Giấy
3.3,55,2,Quận Nam Từ Liêm
8.5,125,3,Quận Cầu Giấy
5.2,80,2,Quận Thanh Xuân
4.5,83,3,Quận Nam Từ Liêm
3.8,65,2,Quận Nam Từ Liêm
3.6,65,2,Quận Bắc Từ Liêm
2249999872,55,2,Huyện Gia Lâm
7.5,155.6,3,Quận Cầu Giấy
5.5,96,3,Quận Long Biên
3.60,78,2,Quận Long Biên
7.8,95,3,Quận Cầu Giấy
6,84,2,Quận Nam Từ Liêm
4.2,88,2,Quận Nam Từ Liêm
3.50,78,2,Quận Long Biên
115,470,1,Quận Hai Bà Trưng
6.1,73,2,Quận Cầu Giấy
6.98,147,3,Quận Nam Từ Liêm
5,89,3,Huyện Hoài Đức
7.5,128,3,Quận Thanh Xuân
7.6,127,3,Quận Cầu Giấy
70,313.7,4,Quận Cầu Giấy
7,75,2,Quận Hai Bà Trưng
5.2,100,3,Quận Nam Từ Liêm
28,315,4,Quận Cầu Giấy
2.7,86,2,Quận Hà Đông
6.2,138,3,Quận Hà Đông
2.8,65.6,2,Quận Long Biên
3.9,73,2,Quận Hà Đông
7.8,148.6,3,Quận Cầu Giấy
4.8,99.5,2,Quận Cầu Giấy
3.9,62,2,Quận Nam Từ Liêm
10.5,208,4,Quận Cầu Giấy
7,75,2,Quận Hoàn Kiếm
11.5,208,4,Quận Cầu Giấy
7,75,2,Quận Hoàn Kiếm
3.53,110,3,Quận Hoàng Mai
6.4,91,3,Quận Thanh Xuân
45,73,3,Quận Long Biên
7,75,2,Quận Hai Bà Trưng
7.5,148.6,3,Quận Cầu Giấy
8.4,95,3,Quận Cầu Giấy
6,242,1,Quận Hà Đông
6.5,92,2,Quận Cầu Giấy
3.35,97,2,Quận Nam Từ Liêm
4.4,70,2,Quận Cầu Giấy
5.4,76,2,Quận Cầu Giấy
2.90,65,2,Quận Long Biên
2.9,68,2,Quận Long Biên
8.25,125,3,Quận Cầu Giấy
3.85,74,2,Quận Nam Từ Liêm
5.15,73,2,Quận Cầu Giấy
34,130,3,Quận Hà Đông
6,99,2,Quận Thanh Xuân
16.2,178,,Quận Nam Từ Liêm
3.9,63,2,Quận Nam Từ Liêm
3.65,80,3,Quận Cầu Giấy
4.8,83,3,Quận Nam Từ Liêm
4.5,85,2,Quận Long Biên
1.75,30.2,1,Huyện Gia Lâm
10,72,2,Quận Bắc Từ Liêm
2.62,60,2,Quận Nam Từ Liêm
5.35,113,3,Quận Long Biên
3.55,57,2,Quận Cầu Giấy
5.5,103,3,Quận Cầu Giấy
2.3,33,,Quận Cầu Giấy
4.05,72,2,Quận Bắc Từ Liêm
4.7,95,3,Quận Long Biên
4,46,1,Quận Nam Từ Liêm
3.4,97,3,Quận Nam Từ Liêm
3.7,70,2,Quận Bắc Từ Liêm
4.65,120,3,Quận Thanh Xuân
6.9,120,,Quận Long Biên
7,100,3,Quận Cầu Giấy
5.8,80,2,Quận Cầu Giấy
9,182,04,Quận Nam Từ Liêm
4.2,75,2,Quận Nam Từ Liêm
3.85,77,2,Quận Long Biên
2.8,65,2,Quận Long Biên
3.45,73,3,Quận Hoàn Kiếm
4.30,85,3,Quận Long Biên
3.28,74,2,Huyện Gia Lâm
12.8,146,3,Quận Tây Hồ
2.68,62,2,Quận Nam Từ Liêm
3.29,77,2,Quận Long Biên
6.1,95,2,Quận Cầu Giấy
3.6,70,2,Quận Bắc Từ Liêm
4.3,85,3,Quận Thanh Xuân
3.5,68.5,2,Quận Nam Từ Liêm
85,155,3,Quận Hoàn Kiếm
2.7,75,2,Huyện Thanh Trì
6.7,120,3,Quận Long Biên
2.1,50,2,Quận Đống Đa
5.1,86,3,Quận Bắc Từ Liêm
7.1,122,2,Quận Hà Đông
3.15,72.8,2,Quận Long Biên
6.6,108,,Quận Nam Từ Liêm
4.27,68.8,3,Quận Nam Từ Liêm
3.85,77,2,Quận Long Biên
10.5,208,4,Quận Cầu Giấy
7.3,154,3,Quận Hà Đông
6.4,114,3,Quận Hà Đông
1.6,40,2,Quận Hai Bà Trưng
5.9,153,3,Quận Nam Từ Liêm
4.85,83,3,Quận Nam Từ Liêm
5.5,108,3,Quận Bắc Từ Liêm
5.2,105,3,Quận Long Biên
68,145,3,Quận Cầu Giấy
6.7,80,2,Quận Cầu Giấy
6.8,75,2,Quận Hai Bà Trưng
6.7,150,4,Quận Long Biên
85,313.7,4,Quận Cầu Giấy
3.2,77,2,Quận Long Biên
6.7,120,3,Quận Long Biên
4,90,2,Quận Long Biên
5.5,99.5,2,Quận Cầu Giấy
8.1,95,3,Quận Cầu Giấy
1.8,60,2,Quận Hoàng Mai
34,130,3,Quận Hà Đông
5.3,105,3,Quận Long Biên
7.3,93,3,Quận Cầu Giấy
4.15,75,2,Quận Nam Từ Liêm
27,313.7,4,Quận Cầu Giấy
6.3,112,3,Quận Nam Từ Liêm
7.1,86,2,Quận Cầu Giấy
5,76,2,Quận Nam Từ Liêm
7,148.6,3,Quận Cầu Giấy
9,140,3,Quận Thanh Xuân
7.5,128,3,Quận Thanh Xuân
7.5,155,3,Quận Cầu Giấy
60,,3,Quận Cầu Giấy
4.2,89,2,Quận Long Biên
7.5,155,3,Quận Cầu Giấy
2660000000,60,2,Quận Nam Từ Liêm
5.8,135,3,Quận Nam Từ Liêm
5.6,74,2,Quận Cầu Giấy
12.6,129,3,Quận Tây Hồ
5.5,107,3,Quận Tây Hồ
5.3,99.5,2,Quận Cầu Giấy
5.9,99,2,Quận Thanh Xuân
28,345,5,Quận Cầu Giấy
4.45,78,2,Quận Bắc Từ Liêm
6.8,,3,Quận Cầu Giấy
6.55,80,2,Quận Cầu Giấy
5.3,76,,Quận Cầu Giấy
2.65,60,,Quận Nam Từ Liêm
6.5,117,3,Quận Nam Từ Liêm
28,326,,Quận Cầu Giấy
3.5,96,2,Quận Nam Từ Liêm
5,110,2,Quận Cầu Giấy
6.5,135,3,Quận Nam Từ Liêm
4.8,93,3,Quận Bắc Từ Liêm
8.4,117,3,Quận Cầu Giấy
4.95,128,4,Quận Nam Từ Liêm
5.5,120,3,Quận Long Biên
11.5,210,4,Quận Cầu Giấy
6.1,116,3,Quận Tây Hồ
6.8,120,3,Quận Long Biên
5.1,101,3,Quận Long Biên
3.85,77,2,Quận Long Biên
59,65,,Quận Nam Từ Liêm
5.95,104,3,Quận Cầu Giấy
26,326,5,Quận Cầu Giấy
3.30,73,2,Quận Long Biên
3.85,77,2,Quận Long Biên
6.7,120,,Quận Long Biên
10.5,208,4,Quận Cầu Giấy
5.9,101,3,Quận Nam Từ Liêm
4.38,85,2,Quận Long Biên
4.6,110,3,Quận Bắc Từ Liêm
12,139,4,Quận Thanh Xuân
4.1,75,2,Quận Nam Từ Liêm
3.36,77,2,Quận Long Biên
23,230,3,Quận Nam Từ Liêm
5.3,95,3,Quận Nam Từ Liêm
7,116,3,Quận Cầu Giấy
4,77,2,Quận Long Biên
4.8,99.5,2,Quận Cầu Giấy
6.8,75,2,Quận Hai Bà Trưng
4.05,96,3,Quận Hà Đông
6.1,96,3,Quận Bắc Từ Liêm
59,128,2,Quận Thanh Xuân
4.1,76,2,Quận Hà Đông
5.6,69,2,Quận Bắc Từ Liêm
2.64,63,2,Quận Nam Từ Liêm
5.8,139,3,Quận Bắc Từ Liêm
10.5,210,4,Quận Cầu Giấy
8.66,145,3,Quận Tây Hồ
85,313.7,4,Quận Cầu Giấy
3.8,80,2,Quận Bắc Từ Liêm
3390000.13,60,2,Quận Cầu Giấy
5.8,128,3,Quận Hà Đông
3.4,78,2,Quận Long Biên
13.65,168,3,Quận Tây Hồ
4.1,89,2,Quận Hà Đông
5.6,109,3,Quận Nam Từ Liêm
8.3,117,3,Quận Cầu Giấy
6.70,120,3,Quận Long Biên
2.85,61,,Quận Nam Từ Liêm
7.25,97,3,Quận Ba Đình
5.3,96,3,Quận Nam Từ Liêm
35,165,3,Quận Cầu Giấy
80,313.7,4,Quận Cầu Giấy
5.55,112,4,Quận Bắc Từ Liêm
3.79,77,2,Quận Long Biên
6.7,120,3,Quận Long Biên
4.9,66,2,Quận Nam Từ Liêm
11.5,210,4,Quận Cầu Giấy
3.85,78,2,Quận Cầu Giấy
4.9,66,2,Quận Nam Từ Liêm
5.3,103,3,Quận Long Biên
75,128,2,Quận Cầu Giấy
4.85,85,2,Quận Nam Từ Liêm
6.8,95,3,Quận Cầu Giấy
4.1,75,2,Quận Nam Từ Liêm
5.4,124,2,Quận Hà Đông
6.5,110,3,Quận Tây Hồ
5.15,99.5,2,Quận Cầu Giấy
7.5,90,2,Quận Cầu Giấy
5.1,92,02,Quận Cầu Giấy
4.8,100,3,Quận Cầu Giấy
4.7,72,2,Quận Nam Từ Liêm
6.9,104,3,Quận Thanh Xuân
3.6,71,2,Quận Thanh Xuân
6.5,117,3,Quận Hà Đông
5.8,70,2,Quận Cầu Giấy
43,90,2,Quận Hà Đông
3.55,76,2,Huyện Thanh Trì
7.6,120,3,Quận Cầu Giấy
4.6,100,3,Quận Cầu Giấy
2.85,66,2,Quận Long Biên
2.65,70,2,Quận Hà Đông
7,75,2,Quận Hoàn Kiếm
5.6,112,3,Quận Hà Đông
3.50,78,2,Quận Long Biên
2.8,65.6,2,Quận Long Biên
3.8,84,3,Quận Long Biên
5.5,124,2,Quận Hà Đông
6.8,120,3,Quận Cầu Giấy
6.65,120,3,Quận Long Biên
5.04,116,3,Quận Long Biên
3.2,73,3,Quận Long Biên
2.85,66,2,Quận Long Biên
3,60,2,Quận Cầu Giấy
2.8,58.6,2,Quận Cầu Giấy
8.2,148.6,3,Quận Cầu Giấy
6.2,83,2,Quận Cầu Giấy
5600000000,120,2,Quận Nam Từ Liêm
7,75,2,Quận Hoàn Kiếm
4.2,90,2,Quận Hà Đông
8,117,2,Quận Cầu Giấy
10.5,208,4,Quận Cầu Giấy
6.9,135,3,Quận Nam Từ Liêm
7.1,123,2,Quận Cầu Giấy
4.39,85,3,Quận Long Biên
2.88,63,2,Quận Hai Bà Trưng
2.8,65.6,2,Quận Long Biên
4.55,83,2,Quận Nam Từ Liêm
5.2,101,3,Quận Nam Từ Liêm
5299999744,917,3,Quận Nam Từ Liêm
2.86,91,3,Quận Hà Đông
4.39,94,3,Quận Long Biên
5,110,2,Quận Cầu Giấy
6,135,3,Quận Nam Từ Liêm
2.7,65.6,2,Quận Long Biên
4.2,70,,Quận Nam Từ Liêm
5.1,,3,Quận Bắc Từ Liêm
9.4,124.4,3,Quận Cầu Giấy
9.8,162,4,Quận Cầu Giấy
51,95,2,Huyện Hoài Đức
5.8,97,3,Quận Nam Từ Liêm
4.8,65,2,Quận Nam Từ Liêm
9,102,3,Quận Nam Từ Liêm
4.3,77,2,Quận Hà Đông
7.3,125,3,Quận Cầu Giấy
6.65,120,3,Quận Long Biên
4.1,77,2,Quận Long Biên
2.8,66,2,Quận Long Biên
5.95,159,4,Quận Nam Từ Liêm
6.65,120,3,Quận Long Biên
7,93.5,2,Quận Nam Từ Liêm
4.1,75,2,Quận Nam Từ Liêm
6.83,120,3,Quận Long Biên
9.6,104,3,Quận Nam Từ Liêm
5.3,72,2,Quận Cầu Giấy
6.7,120,3,Quận Long Biên
5.95,115,2,Quận Đống Đa
4,68,2,Quận Hoàng Mai
8.5,95,3,Quận Nam Từ Liêm
4.7,110,3,Quận Cầu Giấy
3.6,70,3,Quận Nam Từ Liêm
3.7,56,1,Quận Cầu Giấy
3.85,77,3,Quận Long Biên
8.8,186,4,Quận Nam Từ Liêm
3.3,73,2,Quận Long Biên
4.18,96,3,Quận Cầu Giấy
3.69,100,3,Quận Hà Đông
3.3,73,2,Quận Long Biên
10.2,169,4,Quận Cầu Giấy
1.55,46,2,Quận Thanh Xuân
7,75,2,Quận Hoàn Kiếm
7.8,,2,Quận Thanh Xuân
5.4,76,2,Quận Cầu Giấy
4.1,77,2,Quận Long Biên
6.2,156,3,Quận Nam Từ Liêm
2.85,67,2,Quận Long Biên
1.8,62,2,Quận Thanh Xuân
3.15,73,2,Quận Long Biên
4.30,85,3,Quận Long Biên
4.1,73,2,Quận Hà Đông
4.05,72,2,Quận Cầu Giấy
16.2,180,4,Quận Nam Từ Liêm
60,51,3,Quận Nam Từ Liêm
8.5,138,3,Quận Cầu Giấy
3.4,70,2,Quận Bắc Từ Liêm
9.75,94,2,Quận Tây Hồ
3.6,65,2,Quận Thanh Xuân
10.5,210,4,Quận Cầu Giấy
6.3,75,2,Quận Cầu Giấy
2.85,67,2,Quận Long Biên
6.1,73,2,Quận Cầu Giấy
28,326,5,Quận Cầu Giấy
10.5,210,4,Quận Cầu Giấy
3.35,102,3,Quận Hà Đông
3.8,78,2,Quận Cầu Giấy
9,99,3,Quận Nam Từ Liêm
10.5,208,4,Quận Cầu Giấy
4.2,69,2,Quận Tây Hồ
6.5,135,3,Quận Nam Từ Liêm
2.90,65,2,Quận Long Biên
3.6,65,2,Quận Hoàng Mai
3.95,82,3,Quận Nam Từ Liêm
46,96.5,2,Quận Hai Bà Trưng
11.9,226,4,Quận Nam Từ Liêm
5.1,96,3,Quận Nam Từ Liêm
5.95,104,3,Quận Cầu Giấy
7.3,95,3,Quận Cầu Giấy
7.2,155,3,Quận Cầu Giấy
9.6,104,3,Quận Nam Từ Liêm
4.9,70,2,Quận Thanh Xuân
5.57,71,2,Quận Cầu Giấy
3.6,65,2,Quận Hoàng Mai
2.86,63.6,2,Quận Long Biên
5,30,,Huyện Ba Vì
5,65,2,Quận Cầu Giấy
27,326,5,Quận Cầu Giấy
9.6,104,3,Quận Nam Từ Liêm
9.6,104,3,Quận Nam Từ Liêm
27,326,4,Quận Cầu Giấy
6.3,97,2,Quận Cầu Giấy
4.5,91,2,Quận Cầu Giấy
9.6,104,3,Quận Nam Từ Liêm
7.8,,2,Quận Thanh Xuân
6.2,90,3,Quận Bắc Từ Liêm
6.5,122,2,Quận Hà Đông
9.75,94,2,Quận Tây Hồ
9.6,104,3,Quận Nam Từ Liêm
7.8,,2,Quận Thanh Xuân
5.6,72,2,Quận Cầu Giấy
7.8,,2,Quận Thanh Xuân
4.8,99.5,2,Quận Cầu Giấy
4.7,80,3,Quận Nam Từ Liêm
295000000,59,2,Quận Nam Từ Liêm
9.75,94,2,Quận Tây Hồ
3.35,70,2,Quận Bắc Từ Liêm
3.5,63,2,Quận Nam Từ Liêm
4.1,89,2,Quận Hà Đông
4.2,69,2,Quận Tây Hồ
4.30,85,3,Quận Long Biên
7.85,128,3,Quận Cầu Giấy
9.75,94,2,Quận Tây Hồ
7.8,,2,Quận Thanh Xuân
10.5,208,4,Quận Cầu Giấy
9.75,94,2,Quận Tây Hồ
5.6,106,3,Quận Hà Đông
18,155,4,Quận Nam Từ Liêm
4.2,69,2,Quận Tây Hồ
4.2,69,2,Quận Tây Hồ
3.95,82,3,Quận Nam Từ Liêm
30500000,55,2,Quận Nam Từ Liêm
8.2,81,2,Quận Nam Từ Liêm
4.2,69,2,Quận Tây Hồ
7.8,,2,Quận Thanh Xuân
5.57,71,2,Quận Cầu Giấy
5.8,76,2,Quận Cầu Giấy
5.3,83.3,2,Quận Nam Từ Liêm
5.9,112,3,Quận Nam Từ Liêm
5.1,95,2,Quận Cầu Giấy
5,30,,Huyện Ba Vì
4.3,,2,Quận Nam Từ Liêm
5,65,2,Quận Cầu Giấy
3.95,82,3,Quận Nam Từ Liêm
3.95,82,3,Quận Nam Từ Liêm
6.3,97,2,Quận Cầu Giấy
3.95,82,3,Quận Nam Từ Liêm
5.57,71,2,Quận Cầu Giấy
9.75,94,2,Quận Tây Hồ
4.2,61.5,2,Quận Nam Từ Liêm
2990000.13,55,2,Quận Nam Từ Liêm
2300000000,70,3,Quận Thanh Xuân
4.1,89,2,Quận Hà Đông
9.3,135,3,Quận Cầu Giấy
9.6,104,3,Quận Nam Từ Liêm
5.57,71,2,Quận Cầu Giấy
5,90,03,Quận Bắc Từ Liêm
5.57,71,2,Quận Cầu Giấy
3.9,73,2,Quận Hà Đông
5,30,,Huyện Ba Vì
6.2,90,3,Quận Bắc Từ Liêm
5,30,,Huyện Ba Vì
4.2,69,2,Quận Tây Hồ
5,65,2,Quận Cầu Giấy
4000000000,74,2,Quận Bắc Từ Liêm
3.95,82,3,Quận Nam Từ Liêm
6.3,97,2,Quận Cầu Giấy
7.8,,2,Quận Thanh Xuân
8000000000,116,2,Quận Cầu Giấy
5,30,,Huyện Ba Vì
3.1,65,2,Quận Nam Từ Liêm
4.7,80,3,Quận Nam Từ Liêm
5,65,2,Quận Cầu Giấy
9.75,94,2,Quận Tây Hồ
4,71,2,Quận Hoàng Mai
5.57,71,2,Quận Cầu Giấy
6.3,97,2,Quận Cầu Giấy
5.76,78,2,Quận Cầu Giấy
6.2,90,3,Quận Bắc Từ Liêm
5,30,,Huyện Ba Vì
6.2,90,3,Quận Bắc Từ Liêm
3.4,85,3,Huyện Đông Anh
3.35,70,2,Quận Bắc Từ Liêm
4,71,2,Quận Hoàng Mai
5,65,2,Quận Cầu Giấy
5,65,2,Quận Cầu Giấy
4.1,77,3,Quận Long Biên
4.7,80,3,Quận Nam Từ Liêm
4.7,80,3,Quận Nam Từ Liêm
18,155,4,Quận Nam Từ Liêm
4.2,69,2,Quận Tây Hồ
3.35,70,2,Quận Bắc Từ Liêm
4,71,2,Quận Hoàng Mai
9.6,104,3,Quận Nam Từ Liêm
18,155,4,Quận Nam Từ Liêm
5.8,93,3,Quận Nam Từ Liêm
6.3,97,2,Quận Cầu Giấy
6.3,97,2,Quận Cầu Giấy
8.2,81,2,Quận Nam Từ Liêm
6.2,90,3,Quận Bắc Từ Liêm
3.35,70,2,Quận Bắc Từ Liêm
5.2,72,2,Quận Cầu Giấy
5.3,83.3,2,Quận Nam Từ Liêm
4.7,80,3,Quận Nam Từ Liêm
3.95,82,3,Quận Nam Từ Liêm
18,155,4,Quận Nam Từ Liêm
8.2,81,2,Quận Nam Từ Liêm
7.8,,2,Quận Thanh Xuân
4.2,61.5,2,Quận Nam Từ Liêm
5.57,71,2,Quận Cầu Giấy
5.3,83.3,2,Quận Nam Từ Liêm
8.2,81,2,Quận Nam Từ Liêm
9.6,104,3,Quận Nam Từ Liêm
9.6,104,3,Quận Nam Từ Liêm
6.2,90,3,Quận Bắc Từ Liêm
5,30,,Huyện Ba Vì
3.35,70,2,Quận Bắc Từ Liêm
3.30,73,2,Quận Long Biên
9.75,94,2,Quận Tây Hồ
4.2,61.5,2,Quận Nam Từ Liêm
5.3,83.3,2,Quận Nam Từ Liêm
5,65,2,Quận Cầu Giấy
7.8,,2,Quận Thanh Xuân
18,155,4,Quận Nam Từ Liêm
4.7,80,3,Quận Nam Từ Liêm
4.2,69,2,Quận Tây Hồ
9.75,94,2,Quận Tây Hồ
3.95,82,3,Quận Nam Từ Liêm
8.2,81,2,Quận Nam Từ Liêm
7.8,,2,Quận Thanh Xuân
5.57,71,2,Quận Cầu Giấy
6.3,97,2,Quận Cầu Giấy
3.35,70,2,Quận Bắc Từ Liêm
5.3,83.3,2,Quận Nam Từ Liêm
6.2,90,3,Quận Bắc Từ Liêm
18,155,4,Quận Nam Từ Liêm
9.75,94,2,Quận Tây Hồ
4.2,69,2,Quận Tây Hồ
8.2,81,2,Quận Nam Từ Liêm
4.7,80,3,Quận Nam Từ Liêm
4.2,61.5,2,Quận Nam Từ Liêm
5,30,,Huyện Ba Vì
9.6,104,3,Quận Nam Từ Liêm
3.35,70,2,Quận Bắc Từ Liêm
5,65,2,Quận Cầu Giấy
18,155,4,Quận Nam Từ Liêm
4.2,61.5,2,Quận Nam Từ Liêm
9.6,104,3,Quận Nam Từ Liêm
3.95,82,3,Quận Nam Từ Liêm
5.3,83.3,2,Quận Nam Từ Liêm
9.6,104,3,Quận Nam Từ Liêm
4.2,69,2,Quận Tây Hồ
4.2,61.5,2,Quận Nam Từ Liêm
3.95,82,3,Quận Nam Từ Liêm
6.3,97,2,Quận Cầu Giấy
8.2,81,2,Quận Nam Từ Liêm
7.8,,2,Quận Thanh Xuân
6.2,90,3,Quận Bắc Từ Liêm
5.3,83.3,2,Quận Nam Từ Liêm
5.57,71,2,Quận Cầu Giấy
9.75,94,2,Quận Tây Hồ
9.6,104,3,Quận Nam Từ Liêm
4.7,80,3,Quận Nam Từ Liêm
5,30,,Huyện Ba Vì
7.8,,2,Quận Thanh Xuân
5.57,71,2,Quận Cầu Giấy
7.8,,2,Quận Thanh Xuân
5,30,,Huyện Ba Vì
4.2,61.5,2,Quận Nam Từ Liêm
3.35,70,2,Quận Bắc Từ Liêm
5,65,2,Quận Cầu Giấy
5,65,2,Quận Cầu Giấy
9.75,94,2,Quận Tây Hồ
7.8,,2,Quận Thanh Xuân
9.6,104,3,Quận Nam Từ Liêm
6.3,97,2,Quận Cầu Giấy
18,155,4,Quận Nam Từ Liêm
9.75,94,2,Quận Tây Hồ
9.75,94,2,Quận Tây Hồ
6.2,90,3,Quận Bắc Từ Liêm
8.2,81,2,Quận Nam Từ Liêm
4.2,69,2,Quận Tây Hồ
6.3,97,2,Quận Cầu Giấy
4.2,69,2,Quận Tây Hồ
6.2,90,3,Quận Bắc Từ Liêm
3.95,82,3,Quận Nam Từ Liêm
9.6,104,3,Quận Nam Từ Liêm
4.7,80,3,Quận Nam Từ Liêm
4.2,69,2,Quận Tây Hồ
5.3,83.3,2,Quận Nam Từ Liêm
3.95,82,3,Quận Nam Từ Liêm
9.6,104,3,Quận Nam Từ Liêm
3.95,82,3,Quận Nam Từ Liêm
4.2,69,2,Quận Tây Hồ
5.57,71,2,Quận Cầu Giấy
7.8,,2,Quận Thanh Xuân
3.95,82,3,Quận Nam Từ Liêm
5,30,,Huyện Ba Vì
5.57,71,2,Quận Cầu Giấy
4.7,80,3,Quận Nam Từ Liêm
3.35,70,2,Quận Bắc Từ Liêm
9.75,94,2,Quận Tây Hồ
7.8,,2,Quận Thanh Xuân
5.57,71,2,Quận Cầu Giấy
4.2,61.5,2,Quận Nam Từ Liêm
5,65,2,Quận Cầu Giấy
3.35,70,2,Quận Bắc Từ Liêm
18,155,4,Quận Nam Từ Liêm
9.75,94,2,Quận Tây Hồ
5,30,,Huyện Ba Vì
6.3,97,2,Quận Cầu Giấy
5.57,71,2,Quận Cầu Giấy
5,30,,Huyện Ba Vì
7.8,,2,Quận Thanh Xuân
4.2,69,2,Quận Tây Hồ
9.75,94,2,Quận Tây Hồ
3.95,82,3,Quận Nam Từ Liêm
18,155,4,Quận Nam Từ Liêm
8.2,81,2,Quận Nam Từ Liêm
4.2,69,2,Quận Tây Hồ
6.2,90,3,Quận Bắc Từ Liêm
5,65,2,Quận Cầu Giấy
3.95,82,3,Quận Nam Từ Liêm
5,30,,Huyện Ba Vì
4.7,80,3,Quận Nam Từ Liêm
4.2,69,2,Quận Tây Hồ
5,65,2,Quận Cầu Giấy
5.57,71,2,Quận Cầu Giấy
5,65,2,Quận Cầu Giấy
3.95,82,3,Quận Nam Từ Liêm
6.3,97,2,Quận Cầu Giấy
3.35,70,2,Quận Bắc Từ Liêm
5.57,71,2,Quận Cầu Giấy
8.2,81,2,Quận Nam Từ Liêm
5.3,83.3,2,Quận Nam Từ Liêm
18,155,4,Quận Nam Từ Liêm
5.57,71,2,Quận Cầu Giấy
5,30,,Huyện Ba Vì
6.3,97,2,Quận Cầu Giấy
5,65,2,Quận Cầu Giấy
6.2,90,3,Quận Bắc Từ Liêm
9.6,104,3,Quận Nam Từ Liêm
5,30,,Huyện Ba Vì
6.2,90,3,Quận Bắc Từ Liêm
6.3,97,2,Quận Cầu Giấy
6.3,97,2,Quận Cầu Giấy
5.3,83.3,2,Quận Nam Từ Liêm
4.2,61.5,2,Quận Nam Từ Liêm
4.7,80,3,Quận Nam Từ Liêm
5,30,,Huyện Ba Vì
8.2,81,2,Quận Nam Từ Liêm
6.2,90,3,Quận Bắc Từ Liêm
4.2,61.5,2,Quận Nam Từ Liêm
3.35,70,2,Quận Bắc Từ Liêm
4.7,80,3,Quận Nam Từ Liêm
18,155,4,Quận Nam Từ Liêm
7.8,,2,Quận Thanh Xuân
5,65,2,Quận Cầu Giấy
3.35,70,2,Quận Bắc Từ Liêm
4.7,80,3,Quận Nam Từ Liêm
5.3,83.3,2,Quận Nam Từ Liêm
5,65,2,Quận Cầu Giấy
6.3,97,2,Quận Cầu Giấy
3.35,70,2,Quận Bắc Từ Liêm
4.2,61.5,2,Quận Nam Từ Liêm
6.3,97,2,Quận Cầu Giấy
6.2,90,3,Quận Bắc Từ Liêm
8.2,81,2,Quận Nam Từ Liêm
18,155,4,Quận Nam Từ Liêm
6.2,90,3,Quận Bắc Từ Liêm
9.75,94,2,Quận Tây Hồ
6.2,90,3,Quận Bắc Từ Liêm
4.7,80,3,Quận Nam Từ Liêm
4.7,80,3,Quận Nam Từ Liêm
3.35,70,2,Quận Bắc Từ Liêm
9.6,104,3,Quận Nam Từ Liêm
18,155,4,Quận Nam Từ Liêm
3.35,70,2,Quận Bắc Từ Liêm
5.3,83.3,2,Quận Nam Từ Liêm
8.2,81,2,Quận Nam Từ Liêm
8.2,81,2,Quận Nam Từ Liêm
4.7,80,3,Quận Nam Từ Liêm
4.2,61.5,2,Quận Nam Từ Liêm
5.3,83.3,2,Quận Nam Từ Liêm
4.2,69,2,Quận Tây Hồ
3.35,70,2,Quận Bắc Từ Liêm
18,155,4,Quận Nam Từ Liêm
9.6,104,3,Quận Nam Từ Liêm
4.2,61.5,2,Quận Nam Từ Liêm
18,155,4,Quận Nam Từ Liêm
3.95,82,3,Quận Nam Từ Liêm
9.6,104,3,Quận Nam Từ Liêm
5.3,83.3,2,Quận Nam Từ Liêm
7.8,,2,Quận Thanh Xuân
8.2,81,2,Quận Nam Từ Liêm
5.57,71,2,Quận Cầu Giấy
5,30,,Huyện Ba Vì
5.3,83.3,2,Quận Nam Từ Liêm
18,155,4,Quận Nam Từ Liêm
8.2,81,2,Quận Nam Từ Liêm
8.2,81,2,Quận Nam Từ Liêm
4.2,61.5,2,Quận Nam Từ Liêm
4.2,61.5,2,Quận Nam Từ Liêm
5.3,83.3,2,Quận Nam Từ Liêm
9.75,94,2,Quận Tây Hồ
7.8,,2,Quận Thanh Xuân
7.8,,2,Quận Thanh Xuân
5,65,2,Quận Cầu Giấy
9.75,94,2,Quận Tây Hồ
9.75,94,2,Quận Tây Hồ
5.3,83.3,2,Quận Nam Từ Liêm
4.2,61.5,2,Quận Nam Từ Liêm
4.2,61.5,2,Quận Nam Từ Liêm
4.2,69,2,Quận Tây Hồ
4.2,69,2,Quận Tây Hồ
3.95,82,3,Quận Nam Từ Liêm
9.6,104,3,Quận Nam Từ Liêm
6.3,97,2,Quận Cầu Giấy
5.57,71,2,Quận Cầu Giấy
3.95,82,3,Quận Nam Từ Liêm
9.6,104,3,Quận Nam Từ Liêm
4.2,69,2,Quận Tây Hồ
9.6,104,3,Quận Nam Từ Liêm
9.6,104,3,Quận Nam Từ Liêm
5,30,,Huyện Ba Vì
5.57,71,2,Quận Cầu Giấy
5,30,,Huyện Ba Vì
5,65,2,Quận Cầu Giấy
6.2,90,3,Quận Bắc Từ Liêm
5,65,2,Quận Cầu Giấy
3.95,82,3,Quận Nam Từ Liêm
7.8,,2,Quận Thanh Xuân
5.57,71,2,Quận Cầu Giấy
7.8,,2,Quận Thanh Xuân
9.75,94,2,Quận Tây Hồ
7.8,,2,Quận Thanh Xuân
6.3,97,2,Quận Cầu Giấy
9.6,104,3,Quận Nam Từ Liêm
4.7,80,3,Quận Nam Từ Liêm
6.3,97,2,Quận Cầu Giấy
9.6,104,3,Quận Nam Từ Liêm
7.8,,2,Quận Thanh Xuân
5,30,,Huyện Ba Vì
9.75,94,2,Quận Tây Hồ
9.75,94,2,Quận Tây Hồ
9.75,94,2,Quận Tây Hồ
7.8,,2,Quận Thanh Xuân
6.2,90,3,Quận Bắc Từ Liêm
4.2,69,2,Quận Tây Hồ
5,65,2,Quận Cầu Giấy
6.2,90,3,Quận Bắc Từ Liêm
3.35,70,2,Quận Bắc Từ Liêm
7.8,,2,Quận Thanh Xuân
4.2,69,2,Quận Tây Hồ
6.3,97,2,Quận Cầu Giấy
3.95,82,3,Quận Nam Từ Liêm
4.7,80,3,Quận Nam Từ Liêm
9.75,94,2,Quận Tây Hồ
6.2,90,3,Quận Bắc Từ Liêm
9.75,94,2,Quận Tây Hồ
4.2,69,2,Quận Tây Hồ
4.7,80,3,Quận Nam Từ Liêm
4.2,69,2,Quận Tây Hồ
18,155,4,Quận Nam Từ Liêm
3.95,82,3,Quận Nam Từ Liêm
3.35,70,2,Quận Bắc Từ Liêm
3.35,70,2,Quận Bắc Từ Liêm
3.95,82,3,Quận Nam Từ Liêm
8.2,81,2,Quận Nam Từ Liêm
5.57,71,2,Quận Cầu Giấy
4.7,80,3,Quận Nam Từ Liêm
5.3,83.3,2,Quận Nam Từ Liêm
5.57,71,2,Quận Cầu Giấy
5,30,,Huyện Ba Vì
3.35,70,2,Quận Bắc Từ Liêm
3.95,82,3,Quận Nam Từ Liêm
5,30,,Huyện Ba Vì
5.57,71,2,Quận Cầu Giấy
5.57,71,2,Quận Cầu Giấy
18,155,4,Quận Nam Từ Liêm
5,65,2,Quận Cầu Giấy
18,155,4,Quận Nam Từ Liêm
5,30,,Huyện Ba Vì
4.2,69,2,Quận Tây Hồ
8.2,81,2,Quận Nam Từ Liêm
4.2,61.5,2,Quận Nam Từ Liêm
4.2,69,2,Quận Tây Hồ
5,65,2,Quận Cầu Giấy
18,155,4,Quận Nam Từ Liêm
5.3,83.3,2,Quận Nam Từ Liêm
6.3,97,2,Quận Cầu Giấy
8.2,81,2,Quận Nam Từ Liêm
3.95,82,3,Quận Nam Từ Liêm
4.2,61.5,2,Quận Nam Từ Liêm
5,30,,Huyện Ba Vì
6.3,97,2,Quận Cầu Giấy
3.95,82,3,Quận Nam Từ Liêm
6.2,90,3,Quận Bắc Từ Liêm
5.57,71,2,Quận Cầu Giấy
5,65,2,Quận Cầu Giấy
5,65,2,Quận Cầu Giấy
6.2,90,3,Quận Bắc Từ Liêm
8.2,81,2,Quận Nam Từ Liêm
4.7,80,3,Quận Nam Từ Liêm
5.57,71,2,Quận Cầu Giấy
4.7,80,3,Quận Nam Từ Liêm
6.3,97,2,Quận Cầu Giấy
6.3,97,2,Quận Cầu Giấy
5.3,83.3,2,Quận Nam Từ Liêm
3.35,70,2,Quận Bắc Từ Liêm
4.2,61.5,2,Quận Nam Từ Liêm
5,30,,Huyện Ba Vì
3.35,70,2,Quận Bắc Từ Liêm
5,30,,Huyện Ba Vì
5.3,83.3,2,Quận Nam Từ Liêm
6.2,90,3,Quận Bắc Từ Liêm
6.2,90,3,Quận Bắc Từ Liêm
5,65,2,Quận Cầu Giấy
18,155,4,Quận Nam Từ Liêm
4.2,61.5,2,Quận Nam Từ Liêm
4.7,80,3,Quận Nam Từ Liêm
5,65,2,Quận Cầu Giấy
6.3,97,2,Quận Cầu Giấy
18,155,4,Quận Nam Từ Liêm
8.2,81,2,Quận Nam Từ Liêm
9.6,104,3,Quận Nam Từ Liêm
4.7,80,3,Quận Nam Từ Liêm
8.2,81,2,Quận Nam Từ Liêm
3.35,70,2,Quận Bắc Từ Liêm
3.35,70,2,Quận Bắc Từ Liêm
6.3,97,2,Quận Cầu Giấy
5.3,83.3,2,Quận Nam Từ Liêm
6.2,90,3,Quận Bắc Từ Liêm
18,155,4,Quận Nam Từ Liêm
6.2,90,3,Quận Bắc Từ Liêm
9.6,104,3,Quận Nam Từ Liêm
5.3,83.3,2,Quận Nam Từ Liêm
4.7,80,3,Quận Nam Từ Liêm
18,155,4,Quận Nam Từ Liêm
4.2,61.5,2,Quận Nam Từ Liêm
8.2,81,2,Quận Nam Từ Liêm
4.7,80,3,Quận Nam Từ Liêm
3.35,70,2,Quận Bắc Từ Liêm
5.3,83.3,2,Quận Nam Từ Liêm
4.2,61.5,2,Quận Nam Từ Liêm
7.8,,2,Quận Thanh Xuân
9.6,104,3,Quận Nam Từ Liêm
9.6,104,3,Quận Nam Từ Liêm
3.35,70,2,Quận Bắc Từ Liêm
7.8,,2,Quận Thanh Xuân
8.2,81,2,Quận Nam Từ Liêm
4.2,61.5,2,Quận Nam Từ Liêm
18,155,4,Quận Nam Từ Liêm
9.75,94,2,Quận Tây Hồ
18,155,4,Quận Nam Từ Liêm
9.75,94,2,Quận Tây Hồ
7.8,,2,Quận Thanh Xuân
5.3,83.3,2,Quận Nam Từ Liêm
4.2,61.5,2,Quận Nam Từ Liêm
8.2,81,2,Quận Nam Từ Liêm
8.2,81,2,Quận Nam Từ Liêm
9.75,94,2,Quận Tây Hồ
9.6,104,3,Quận Nam Từ Liêm
4.2,69,2,Quận Tây Hồ
7.8,,2,Quận Thanh Xuân
9.6,104,3,Quận Nam Từ Liêm
3.95,82,3,Quận Nam Từ Liêm
7.8,,2,Quận Thanh Xuân
5.3,83.3,2,Quận Nam Từ Liêm
9.75,94,2,Quận Tây Hồ
5.57,71,2,Quận Cầu Giấy
4.2,69,2,Quận Tây Hồ
5.3,83.3,2,Quận Nam Từ Liêm
4.2,61.5,2,Quận Nam Từ Liêm
5,30,,Huyện Ba Vì
7.8,,2,Quận Thanh Xuân
9.6,104,3,Quận Nam Từ Liêm
4.2,61.5,2,Quận Nam Từ Liêm
3.95,82,3,Quận Nam Từ Liêm
9.75,94,2,Quận Tây Hồ
5,65,2,Quận Cầu Giấy
4.2,69,2,Quận Tây Hồ
9.75,94,2,Quận Tây Hồ
9.6,104,3,Quận Nam Từ Liêm
4.2,69,2,Quận Tây Hồ
3.95,82,3,Quận Nam Từ Liêm
5.57,71,2,Quận Cầu Giấy
5.57,71,2,Quận Cầu Giấy
7.8,,2,Quận Thanh Xuân
6.3,97,2,Quận Cầu Giấy
3.95,82,3,Quận Nam Từ Liêm
5,30,,Huyện Ba Vì
9.75,94,2,Quận Tây Hồ
6.2,90,3,Quận Bắc Từ Liêm
5.57,71,2,Quận Cầu Giấy
4.2,69,2,Quận Tây Hồ
5,65,2,Quận Cầu Giấy
7.8,,2,Quận Thanh Xuân
9.75,94,2,Quận Tây Hồ
5,30,,Huyện Ba Vì
4.2,69,2,Quận Tây Hồ
5,65,2,Quận Cầu Giấy
9.6,104,3,Quận Nam Từ Liêm
9.6,104,3,Quận Nam Từ Liêm
4.2,69,2,Quận Tây Hồ
4.7,80,3,Quận Nam Từ Liêm
6.3,97,2,Quận Cầu Giấy
5,30,,Huyện Ba Vì
3.95,82,3,Quận Nam Từ Liêm
6.3,97,2,Quận Cầu Giấy
6.2,90,3,Quận Bắc Từ Liêm
5,65,2,Quận Cầu Giấy
3.95,82,3,Quận Nam Từ Liêm
4.7,80,3,Quận Nam Từ Liêm
4.2,69,2,Quận Tây Hồ
3.35,70,2,Quận Bắc Từ Liêm
3.95,82,3,Quận Nam Từ Liêm
7.8,,2,Quận Thanh Xuân
3.35,70,2,Quận Bắc Từ Liêm
6.2,90,3,Quận Bắc Từ Liêm
5.57,71,2,Quận Cầu Giấy
18,155,4,Quận Nam Từ Liêm
7.8,,2,Quận Thanh Xuân
9.75,94,2,Quận Tây Hồ
18,155,4,Quận Nam Từ Liêm
6.3,97,2,Quận Cầu Giấy
8.2,81,2,Quận Nam Từ Liêm
5.57,71,2,Quận Cầu Giấy
9.75,94,2,Quận Tây Hồ
8.2,81,2,Quận Nam Từ Liêm
3.95,82,3,Quận Nam Từ Liêm
5.3,83.3,2,Quận Nam Từ Liêm
5.57,71,2,Quận Cầu Giấy
5.57,71,2,Quận Cầu Giấy
5,30,,Huyện Ba Vì
4.7,80,3,Quận Nam Từ Liêm
4.2,69,2,Quận Tây Hồ
5,30,,Huyện Ba Vì
5,65,2,Quận Cầu Giấy
6.2,90,3,Quận Bắc Từ Liêm
5.3,83.3,2,Quận Nam Từ Liêm
5,30,,Huyện Ba Vì
4.2,61.5,2,Quận Nam Từ Liêm
4.2,69,2,Quận Tây Hồ
4.2,61.5,2,Quận Nam Từ Liêm
5,30,,Huyện Ba Vì
3.35,70,2,Quận Bắc Từ Liêm
3.95,82,3,Quận Nam Từ Liêm
5,65,2,Quận Cầu Giấy
5,65,2,Quận Cầu Giấy
6.3,97,2,Quận Cầu Giấy
18,155,4,Quận Nam Từ Liêm
6.3,97,2,Quận Cầu Giấy
4.7,80,3,Quận Nam Từ Liêm
5,65,2,Quận Cầu Giấy
5.57,71,2,Quận Cầu Giấy
3.95,82,3,Quận Nam Từ Liêm
6.3,97,2,Quận Cầu Giấy
6.2,90,3,Quận Bắc Từ Liêm
8.2,81,2,Quận Nam Từ Liêm
6.2,90,3,Quận Bắc Từ Liêm
6.2,90,3,Quận Bắc Từ Liêm
3.35,70,2,Quận Bắc Từ Liêm
4.7,80,3,Quận Nam Từ Liêm
4.7,80,3,Quận Nam Từ Liêm
3.35,70,2,Quận Bắc Từ Liêm
9.6,104,3,Quận Nam Từ Liêm
18,155,4,Quận Nam Từ Liêm
6.3,97,2,Quận Cầu Giấy
3.35,70,2,Quận Bắc Từ Liêm
5.57,71,2,Quận Cầu Giấy
5,30,,Huyện Ba Vì
8.2,81,2,Quận Nam Từ Liêm
18,155,4,Quận Nam Từ Liêm
5,30,,Huyện Ba Vì
9.6,104,3,Quận Nam Từ Liêm
4.7,80,3,Quận Nam Từ Liêm
8.2,81,2,Quận Nam Từ Liêm
5.3,83.3,2,Quận Nam Từ Liêm
5,65,2,Quận Cầu Giấy
6.2,90,3,Quận Bắc Từ Liêm
18,155,4,Quận Nam Từ Liêm
4.2,61.5,2,Quận Nam Từ Liêm
5.3,83.3,2,Quận Nam Từ Liêm
6.3,97,2,Quận Cầu Giấy
5,65,2,Quận Cầu Giấy
4.7,80,3,Quận Nam Từ Liêm
5.3,83.3,2,Quận Nam Từ Liêm
7.8,,2,Quận Thanh Xuân
3.35,70,2,Quận Bắc Từ Liêm
3.35,70,2,Quận Bắc Từ Liêm
4.2,61.5,2,Quận Nam Từ Liêm
18,155,4,Quận Nam Từ Liêm
7.8,,2,Quận Thanh Xuân
8.2,81,2,Quận Nam Từ Liêm
4.2,61.5,2,Quận Nam Từ Liêm
6.2,90,3,Quận Bắc Từ Liêm
8.2,81,2,Quận Nam Từ Liêm
6.3,97,2,Quận Cầu Giấy
9.75,94,2,Quận Tây Hồ
5.3,83.3,2,Quận Nam Từ Liêm
5.3,83.3,2,Quận Nam Từ Liêm
6.2,90,3,Quận Bắc Từ Liêm
18,155,4,Quận Nam Từ Liêm
4.2,61.5,2,Quận Nam Từ Liêm
4.7,80,3,Quận Nam Từ Liêm
8.2,81,2,Quận Nam Từ Liêm
9.75,94,2,Quận Tây Hồ
3.35,70,2,Quận Bắc Từ Liêm
5.3,83.3,2,Quận Nam Từ Liêm
4.7,80,3,Quận Nam Từ Liêm
18,155,4,Quận Nam Từ Liêm
3.35,70,2,Quận Bắc Từ Liêm
8.2,81,2,Quận Nam Từ Liêm
4.2,61.5,2,Quận Nam Từ Liêm
4.2,61.5,2,Quận Nam Từ Liêm
4.2,69,2,Quận Tây Hồ
4.2,69,2,Quận Tây Hồ
9.6,104,3,Quận Nam Từ Liêm
18,155,4,Quận Nam Từ Liêm
9.6,104,3,Quận Nam Từ Liêm
5.3,83.3,2,Quận Nam Từ Liêm
3.95,82,3,Quận Nam Từ Liêm
5.57,71,2,Quận Cầu Giấy
9.6,104,3,Quận Nam Từ Liêm
5,30,,Huyện Ba Vì
4.2,61.5,2,Quận Nam Từ Liêm
9.6,104,3,Quận Nam Từ Liêm
7.8,,2,Quận Thanh Xuân
8.2,81,2,Quận Nam Từ Liêm
3.95,82,3,Quận Nam Từ Liêm
5,65,2,Quận Cầu Giấy
9.75,94,2,Quận Tây Hồ
7.8,,2,Quận Thanh Xuân
6.3,97,2,Quận Cầu Giấy
5.57,71,2,Quận Cầu Giấy
7.8,,2,Quận Thanh Xuân
9.6,104,3,Quận Nam Từ Liêm
5.3,83.3,2,Quận Nam Từ Liêm
5,30,,Huyện Ba Vì
9.75,94,2,Quận Tây Hồ
4.2,69,2,Quận Tây Hồ
7.8,,2,Quận Thanh Xuân
6.2,90,3,Quận Bắc Từ Liêm
9.75,94,2,Quận Tây Hồ
3.95,82,3,Quận Nam Từ Liêm
4.2,69,2,Quận Tây Hồ
4.2,61.5,2,Quận Nam Từ Liêm
5.57,71,2,Quận Cầu Giấy
5,65,2,Quận Cầu Giấy
9.6,104,3,Quận Nam Từ Liêm
5,30,,Huyện Ba Vì
9.6,104,3,Quận Nam Từ Liêm
9.75,94,2,Quận Tây Hồ
3.95,82,3,Quận Nam Từ Liêm
4.7,80,3,Quận Nam Từ Liêm
7.8,,2,Quận Thanh Xuân
7.8,,2,Quận Thanh Xuân
4.2,69,2,Quận Tây Hồ
3.35,70,2,Quận Bắc Từ Liêm
6.3,97,2,Quận Cầu Giấy
9.75,94,2,Quận Tây Hồ
5,65,2,Quận Cầu Giấy
9.75,94,2,Quận Tây Hồ
18,155,4,Quận Nam Từ Liêm
7.8,,2,Quận Thanh Xuân
3.95,82,3,Quận Nam Từ Liêm
6.3,97,2,Quận Cầu Giấy
5.57,71,2,Quận Cầu Giấy
8.2,81,2,Quận Nam Từ Liêm
9.75,94,2,Quận Tây Hồ
9.6,104,3,Quận Nam Từ Liêm
4.2,69,2,Quận Tây Hồ
5,30,,Huyện Ba Vì
3.95,82,3,Quận Nam Từ Liêm
6.2,90,3,Quận Bắc Từ Liêm
5,65,2,Quận Cầu Giấy
5.57,71,2,Quận Cầu Giấy
4.2,69,2,Quận Tây Hồ
6.3,97,2,Quận Cầu Giấy
4.2,69,2,Quận Tây Hồ
6.2,90,3,Quận Bắc Từ Liêm
3.95,82,3,Quận Nam Từ Liêm
6.2,90,3,Quận Bắc Từ Liêm
5.3,83.3,2,Quận Nam Từ Liêm
4.7,80,3,Quận Nam Từ Liêm
3.95,82,3,Quận Nam Từ Liêm
4.2,69,2,Quận Tây Hồ
5.57,71,2,Quận Cầu Giấy
3.35,70,2,Quận Bắc Từ Liêm
5.57,71,2,Quận Cầu Giấy
4.2,61.5,2,Quận Nam Từ Liêm
5.57,71,2,Quận Cầu Giấy
5,30,,Huyện Ba Vì
5,30,,Huyện Ba Vì
18,155,4,Quận Nam Từ Liêm
4.7,80,3,Quận Nam Từ Liêm
5,65,2,Quận Cầu Giấy
7.8,,2,Quận Thanh Xuân
4.7,80,3,Quận Nam Từ Liêm
6.3,97,2,Quận Cầu Giấy
3.95,82,3,Quận Nam Từ Liêm
6.2,90,3,Quận Bắc Từ Liêm
5,30,,Huyện Ba Vì
5,30,,Huyện Ba Vì
5,65,2,Quận Cầu Giấy
8.2,81,2,Quận Nam Từ Liêm
3.35,70,2,Quận Bắc Từ Liêm
4.7,80,3,Quận Nam Từ Liêm
6.3,97,2,Quận Cầu Giấy
5,65,2,Quận Cầu Giấy
5.3,83.3,2,Quận Nam Từ Liêm
3.35,70,2,Quận Bắc Từ Liêm
9.75,94,2,Quận Tây Hồ
4.2,61.5,2,Quận Nam Từ Liêm
3.35,70,2,Quận Bắc Từ Liêm
5.57,71,2,Quận Cầu Giấy
18,155,4,Quận Nam Từ Liêm
18,155,4,Quận Nam Từ Liêm
5,65,2,Quận Cầu Giấy
18,155,4,Quận Nam Từ Liêm
8.2,81,2,Quận Nam Từ Liêm
8.2,81,2,Quận Nam Từ Liêm
6.2,90,3,Quận Bắc Từ Liêm
5.3,83.3,2,Quận Nam Từ Liêm
6.3,97,2,Quận Cầu Giấy
5,30,,Huyện Ba Vì
6.3,97,2,Quận Cầu Giấy
5.3,83.3,2,Quận Nam Từ Liêm
4.7,80,3,Quận Nam Từ Liêm
6.2,90,3,Quận Bắc Từ Liêm
9.6,104,3,Quận Nam Từ Liêm
8.2,81,2,Quận Nam Từ Liêm
4.2,61.5,2,Quận Nam Từ Liêm
4.2,61.5,2,Quận Nam Từ Liêm
4.2,69,2,Quận Tây Hồ
6.2,90,3,Quận Bắc Từ Liêm
5,65,2,Quận Cầu Giấy
3.35,70,2,Quận Bắc Từ Liêm
4.7,80,3,Quận Nam Từ Liêm
5.3,83.3,2,Quận Nam Từ Liêm
3.95,82,3,Quận Nam Từ Liêm
4.7,80,3,Quận Nam Từ Liêm
6.3,97,2,Quận Cầu Giấy
9.6,104,3,Quận Nam Từ Liêm
18,155,4,Quận Nam Từ Liêm
3.35,70,2,Quận Bắc Từ Liêm
7.8,,2,Quận Thanh Xuân
9.6,104,3,Quận Nam Từ Liêm
4.2,61.5,2,Quận Nam Từ Liêm
6.2,90,3,Quận Bắc Từ Liêm
5.57,71,2,Quận Cầu Giấy
3.35,70,2,Quận Bắc Từ Liêm
9.75,94,2,Quận Tây Hồ
18,155,4,Quận Nam Từ Liêm
8.2,81,2,Quận Nam Từ Liêm
7.8,,2,Quận Thanh Xuân
8.2,81,2,Quận Nam Từ Liêm
18,155,4,Quận Nam Từ Liêm
5.3,83.3,2,Quận Nam Từ Liêm
9.75,94,2,Quận Tây Hồ
4.7,80,3,Quận Nam Từ Liêm
5.3,83.3,2,Quận Nam Từ Liêm
8.2,81,2,Quận Nam Từ Liêm
4.2,61.5,2,Quận Nam Từ Liêm
5,30,,Huyện Ba Vì
7.8,,2,Quận Thanh Xuân
4.2,61.5,2,Quận Nam Từ Liêm
9.75,94,2,Quận Tây Hồ
4.2,69,2,Quận Tây Hồ
3.35,70,2,Quận Bắc Từ Liêm
5.3,83.3,2,Quận Nam Từ Liêm
4.2,69,2,Quận Tây Hồ
9.6,104,3,Quận Nam Từ Liêm
5,65,2,Quận Cầu Giấy
3.95,82,3,Quận Nam Từ Liêm
3.95,82,3,Quận Nam Từ Liêm
9.6,104,3,Quận Nam Từ Liêm
4.2,69,2,Quận Tây Hồ
6.3,97,2,Quận Cầu Giấy
5.57,71,2,Quận Cầu Giấy
18,155,4,Quận Nam Từ Liêm
3.95,82,3,Quận Nam Từ Liêm
4.2,61.5,2,Quận Nam Từ Liêm
7.8,,2,Quận Thanh Xuân
5,30,,Huyện Ba Vì
7.8,,2,Quận Thanh Xuân
5.57,71,2,Quận Cầu Giấy
5,65,2,Quận Cầu Giấy
5.57,71,2,Quận Cầu Giấy
9.75,94,2,Quận Tây Hồ
6.2,90,3,Quận Bắc Từ Liêm
8.2,81,2,Quận Nam Từ Liêm
4.7,80,3,Quận Nam Từ Liêm
9.75,94,2,Quận Tây Hồ
5,30,,Huyện Ba Vì
6.3,97,2,Quận Cầu Giấy
9.6,104,3,Quận Nam Từ Liêm
5,30,,Huyện Ba Vì
5,65,2,Quận Cầu Giấy
4.2,69,2,Quận Tây Hồ
9.6,104,3,Quận Nam Từ Liêm
6.2,90,3,Quận Bắc Từ Liêm
5.3,83.3,2,Quận Nam Từ Liêm
3.95,82,3,Quận Nam Từ Liêm
3.35,70,2,Quận Bắc Từ Liêm
4.7,80,3,Quận Nam Từ Liêm
4.2,61.5,2,Quận Nam Từ Liêm
5.57,71,2,Quận Cầu Giấy
18,155,4,Quận Nam Từ Liêm
4.2,69,2,Quận Tây Hồ
5,30,,Huyện Ba Vì
5,65,2,Quận Cầu Giấy
6.3,97,2,Quận Cầu Giấy
7.8,,2,Quận Thanh Xuân
3.95,82,3,Quận Nam Từ Liêm
6.3,97,2,Quận Cầu Giấy
5.57,71,2,Quận Cầu Giấy
7.8,,2,Quận Thanh Xuân
3.35,70,2,Quận Bắc Từ Liêm
8.2,81,2,Quận Nam Từ Liêm
9.6,104,3,Quận Nam Từ Liêm
5,65,2,Quận Cầu Giấy
6.2,90,3,Quận Bắc Từ Liêm
9.75,94,2,Quận Tây Hồ
6.3,97,2,Quận Cầu Giấy
7.8,,2,Quận Thanh Xuân
6.2,90,3,Quận Bắc Từ Liêm
9.75,94,2,Quận Tây Hồ
5,30,,Huyện Ba Vì
18,155,4,Quận Nam Từ Liêm
6.2,90,3,Quận Bắc Từ Liêm
4.7,80,3,Quận Nam Từ Liêm
5.3,83.3,2,Quận Nam Từ Liêm
8.2,81,2,Quận Nam Từ Liêm
5,65,2,Quận Cầu Giấy
4.7,80,3,Quận Nam Từ Liêm
4.2,61.5,2,Quận Nam Từ Liêm
9.75,94,2,Quận Tây Hồ
4.7,80,3,Quận Nam Từ Liêm
5.3,83.3,2,Quận Nam Từ Liêm
6.3,97,2,Quận Cầu Giấy
3.35,70,2,Quận Bắc Từ Liêm
3.35,70,2,Quận Bắc Từ Liêm
9.6,104,3,Quận Nam Từ Liêm
4.2,69,2,Quận Tây Hồ
6.2,90,3,Quận Bắc Từ Liêm
18,155,4,Quận Nam Từ Liêm
3.35,70,2,Quận Bắc Từ Liêm
4.2,69,2,Quận Tây Hồ
8.2,81,2,Quận Nam Từ Liêm
7.8,,2,Quận Thanh Xuân
4.2,69,2,Quận Tây Hồ
18,155,4,Quận Nam Từ Liêm
5.3,83.3,2,Quận Nam Từ Liêm
18,155,4,Quận Nam Từ Liêm
9.75,94,2,Quận Tây Hồ
8.2,81,2,Quận Nam Từ Liêm
3.95,82,3,Quận Nam Từ Liêm
4.2,61.5,2,Quận Nam Từ Liêm
4.2,61.5,2,Quận Nam Từ Liêm
4.7,80,3,Quận Nam Từ Liêm
3.35,70,2,Quận Bắc Từ Liêm
3.95,82,3,Quận Nam Từ Liêm
9.6,104,3,Quận Nam Từ Liêm
3.95,82,3,Quận Nam Từ Liêm
18,155,4,Quận Nam Từ Liêm
5.57,71,2,Quận Cầu Giấy
8.2,81,2,Quận Nam Từ Liêm
5.3,83.3,2,Quận Nam Từ Liêm
8.2,81,2,Quận Nam Từ Liêm
5.57,71,2,Quận Cầu Giấy
5,30,,Huyện Ba Vì
4.2,61.5,2,Quận Nam Từ Liêm
5.3,83.3,2,Quận Nam Từ Liêm
5,65,2,Quận Cầu Giấy
9.6,104,3,Quận Nam Từ Liêm
4.2,61.5,2,Quận Nam Từ Liêm
5.57,71,2,Quận Cầu Giấy
5.3,83.3,2,Quận Nam Từ Liêm
4.2,69,2,Quận Tây Hồ
5,30,,Huyện Ba Vì
4.2,61.5,2,Quận Nam Từ Liêm
3.95,82,3,Quận Nam Từ Liêm
5,65,2,Quận Cầu Giấy
6.3,97,2,Quận Cầu Giấy
5.57,71,2,Quận Cầu Giấy
6.2,90,3,Quận Bắc Từ Liêm
5,30,,Huyện Ba Vì
7.8,,2,Quận Thanh Xuân
9.6,104,3,Quận Nam Từ Liêm
7.8,,2,Quận Thanh Xuân
5,30,,Huyện Ba Vì
9.6,104,3,Quận Nam Từ Liêm
9.75,94,2,Quận Tây Hồ
9.75,94,2,Quận Tây Hồ
5,65,2,Quận Cầu Giấy
7.8,,2,Quận Thanh Xuân
6.3,97,2,Quận Cầu Giấy
6.3,97,2,Quận Cầu Giấy
4.7,80,3,Quận Nam Từ Liêm
6.2,90,3,Quận Bắc Từ Liêm
5,65,2,Quận Cầu Giấy
3.35,70,2,Quận Bắc Từ Liêm
9.6,104,3,Quận Nam Từ Liêm
18,155,4,Quận Nam Từ Liêm
4.2,69,2,Quận Tây Hồ
9.75,94,2,Quận Tây Hồ
4.2,69,2,Quận Tây Hồ
8.2,81,2,Quận Nam Từ Liêm
3.95,82,3,Quận Nam Từ Liêm
6.3,97,2,Quận Cầu Giấy
6.2,90,3,Quận Bắc Từ Liêm
5.3,83.3,2,Quận Nam Từ Liêm
7.8,,2,Quận Thanh Xuân
4.7,80,3,Quận Nam Từ Liêm
4.2,61.5,2,Quận Nam Từ Liêm
9.75,94,2,Quận Tây Hồ
3.35,70,2,Quận Bắc Từ Liêm
3.95,82,3,Quận Nam Từ Liêm
5.57,71,2,Quận Cầu Giấy
4.2,69,2,Quận Tây Hồ
4.7,80,3,Quận Nam Từ Liêm
7.8,,2,Quận Thanh Xuân
3.35,70,2,Quận Bắc Từ Liêm
9.6,104,3,Quận Nam Từ Liêm
18,155,4,Quận Nam Từ Liêm
5.57,71,2,Quận Cầu Giấy
5,30,,Huyện Ba Vì
5,30,,Huyện Ba Vì
3.95,82,3,Quận Nam Từ Liêm
6.2,90,3,Quận Bắc Từ Liêm
5,65,2,Quận Cầu Giấy
9.75,94,2,Quận Tây Hồ
18,155,4,Quận Nam Từ Liêm
9.6,104,3,Quận Nam Từ Liêm
4.7,80,3,Quận Nam Từ Liêm
6.3,97,2,Quận Cầu Giấy
4.2,69,2,Quận Tây Hồ
8.2,81,2,Quận Nam Từ Liêm
8.2,81,2,Quận Nam Từ Liêm
6.2,90,3,Quận Bắc Từ Liêm
3.95,82,3,Quận Nam Từ Liêm
5.57,71,2,Quận Cầu Giấy
5,65,2,Quận Cầu Giấy
4.7,80,3,Quận Nam Từ Liêm
3.35,70,2,Quận Bắc Từ Liêm
7.8,,2,Quận Thanh Xuân
3.35,70,2,Quận Bắc Từ Liêm
5.3,83.3,2,Quận Nam Từ Liêm
7.8,,2,Quận Thanh Xuân
5,30,,Huyện Ba Vì
5.57,71,2,Quận Cầu Giấy
6.3,97,2,Quận Cầu Giấy
18,155,4,Quận Nam Từ Liêm
5.3,83.3,2,Quận Nam Từ Liêm
9.75,94,2,Quận Tây Hồ
5,65,2,Quận Cầu Giấy
4.2,61.5,2,Quận Nam Từ Liêm
4.2,69,2,Quận Tây Hồ
18,155,4,Quận Nam Từ Liêm
4.2,61.5,2,Quận Nam Từ Liêm
6.2,90,3,Quận Bắc Từ Liêm
8.2,81,2,Quận Nam Từ Liêm
5,30,,Huyện Ba Vì
8.2,81,2,Quận Nam Từ Liêm
9.75,94,2,Quận Tây Hồ
6.3,97,2,Quận Cầu Giấy
5.3,83.3,2,Quận Nam Từ Liêm
4.2,69,2,Quận Tây Hồ
6.2,90,3,Quận Bắc Từ Liêm
4.2,61.5,2,Quận Nam Từ Liêm
4.2,69,2,Quận Tây Hồ
4.7,80,3,Quận Nam Từ Liêm
3.95,82,3,Quận Nam Từ Liêm
4.7,80,3,Quận Nam Từ Liêm
5.3,83.3,2,Quận Nam Từ Liêm
3.95,82,3,Quận Nam Từ Liêm
3.35,70,2,Quận Bắc Từ Liêm
3.35,70,2,Quận Bắc Từ Liêm
5.57,71,2,Quận Cầu Giấy
5,65,2,Quận Cầu Giấy
3.95,82,3,Quận Nam Từ Liêm
9.6,104,3,Quận Nam Từ Liêm
5.57,71,2,Quận Cầu Giấy
4.2,61.5,2,Quận Nam Từ Liêm
18,155,4,Quận Nam Từ Liêm
18,155,4,Quận Nam Từ Liêm
5,30,,Huyện Ba Vì
8.2,81,2,Quận Nam Từ Liêm
9.6,104,3,Quận Nam Từ Liêm
5,65,2,Quận Cầu Giấy
5.3,83.3,2,Quận Nam Từ Liêm
6.3,97,2,Quận Cầu Giấy
5.57,71,2,Quận Cầu Giấy
5,30,,Huyện Ba Vì
6.2,90,3,Quận Bắc Từ Liêm
5,30,,Huyện Ba Vì
8.2,81,2,Quận Nam Từ Liêm
5,65,2,Quận Cầu Giấy
6.3,97,2,Quận Cầu Giấy
5.3,83.3,2,Quận Nam Từ Liêm
6.3,97,2,Quận Cầu Giấy
4.2,61.5,2,Quận Nam Từ Liêm
9.6,104,3,Quận Nam Từ Liêm
7.8,,2,Quận Thanh Xuân
4.2,61.5,2,Quận Nam Từ Liêm
4.7,80,3,Quận Nam Từ Liêm
9.6,104,3,Quận Nam Từ Liêm
7.8,,2,Quận Thanh Xuân
5,65,2,Quận Cầu Giấy
3.35,70,2,Quận Bắc Từ Liêm
6.3,97,2,Quận Cầu Giấy
6.2,90,3,Quận Bắc Từ Liêm
6.2,90,3,Quận Bắc Từ Liêm
18,155,4,Quận Nam Từ Liêm
9.75,94,2,Quận Tây Hồ
9.75,94,2,Quận Tây Hồ
7.8,,2,Quận Thanh Xuân
6.2,90,3,Quận Bắc Từ Liêm
4.7,80,3,Quận Nam Từ Liêm
4.7,80,3,Quận Nam Từ Liêm
8.2,81,2,Quận Nam Từ Liêm
9.75,94,2,Quận Tây Hồ
4.7,80,3,Quận Nam Từ Liêm
4.2,69,2,Quận Tây Hồ
7.8,,2,Quận Thanh Xuân
3.35,70,2,Quận Bắc Từ Liêm
3.35,70,2,Quận Bắc Từ Liêm
5.3,83.3,2,Quận Nam Từ Liêm
3.35,70,2,Quận Bắc Từ Liêm
3.95,82,3,Quận Nam Từ Liêm
18,155,4,Quận Nam Từ Liêm
9.75,94,2,Quận Tây Hồ
18,155,4,Quận Nam Từ Liêm
4.2,69,2,Quận Tây Hồ
4.2,61.5,2,Quận Nam Từ Liêm
4.2,69,2,Quận Tây Hồ
3.95,82,3,Quận Nam Từ Liêm
18,155,4,Quận Nam Từ Liêm
4.2,69,2,Quận Tây Hồ
5.57,71,2,Quận Cầu Giấy
8.2,81,2,Quận Nam Từ Liêm
3.95,82,3,Quận Nam Từ Liêm
9.6,104,3,Quận Nam Từ Liêm
8.2,81,2,Quận Nam Từ Liêm
8.2,81,2,Quận Nam Từ Liêm
9.6,104,3,Quận Nam Từ Liêm
5,30,,Huyện Ba Vì
5.57,71,2,Quận Cầu Giấy
5.57,71,2,Quận Cầu Giấy
5.3,83.3,2,Quận Nam Từ Liêm
3.95,82,3,Quận Nam Từ Liêm
5.3,83.3,2,Quận Nam Từ Liêm
5.3,83.3,2,Quận Nam Từ Liêm
5,65,2,Quận Cầu Giấy
5,30,,Huyện Ba Vì
7.8,,2,Quận Thanh Xuân
4.2,61.5,2,Quận Nam Từ Liêm
7.8,,2,Quận Thanh Xuân
9.75,94,2,Quận Tây Hồ
5,30,,Huyện Ba Vì
9.75,94,2,Quận Tây Hồ
4.2,61.5,2,Quận Nam Từ Liêm
5.57,71,2,Quận Cầu Giấy
4.2,61.5,2,Quận Nam Từ Liêm
4.2,69,2,Quận Tây Hồ
6.3,97,2,Quận Cầu Giấy
5,65,2,Quận Cầu Giấy
9.6,104,3,Quận Nam Từ Liêm
3.95,82,3,Quận Nam Từ Liêm
5,65,2,Quận Cầu Giấy
6.3,97,2,Quận Cầu Giấy
4.2,69,2,Quận Tây Hồ
5,30,,Huyện Ba Vì
6.2,90,3,Quận Bắc Từ Liêm
3.95,82,3,Quận Nam Từ Liêm
5.57,71,2,Quận Cầu Giấy
5.57,71,2,Quận Cầu Giấy
6.2,90,3,Quận Bắc Từ Liêm
6.3,97,2,Quận Cầu Giấy
5,65,2,Quận Cầu Giấy
4.7,80,3,Quận Nam Từ Liêm
9.6,104,3,Quận Nam Từ Liêm
6.3,97,2,Quận Cầu Giấy
4.7,80,3,Quận Nam Từ Liêm
7.8,,2,Quận Thanh Xuân
3.35,70,2,Quận Bắc Từ Liêm
5,30,,Huyện Ba Vì
9.6,104,3,Quận Nam Từ Liêm
6.2,90,3,Quận Bắc Từ Liêm
9.75,94,2,Quận Tây Hồ
5,30,,Huyện Ba Vì
3.35,70,2,Quận Bắc Từ Liêm
6.2,90,3,Quận Bắc Từ Liêm
4.7,80,3,Quận Nam Từ Liêm
18,155,4,Quận Nam Từ Liêm
5,65,2,Quận Cầu Giấy
4.7,80,3,Quận Nam Từ Liêm
8.2,81,2,Quận Nam Từ Liêm
9.6,104,3,Quận Nam Từ Liêm
5,65,2,Quận Cầu Giấy
18,155,4,Quận Nam Từ Liêm
3.35,70,2,Quận Bắc Từ Liêm
7.8,,2,Quận Thanh Xuân
4.2,69,2,Quận Tây Hồ
7.8,,2,Quận Thanh Xuân
3.95,82,3,Quận Nam Từ Liêm
18,155,4,Quận Nam Từ Liêm
7.8,,2,Quận Thanh Xuân
3.35,70,2,Quận Bắc Từ Liêm
9.75,94,2,Quận Tây Hồ
6.3,97,2,Quận Cầu Giấy
5.3,83.3,2,Quận Nam Từ Liêm
9.75,94,2,Quận Tây Hồ
18,155,4,Quận Nam Từ Liêm
6.2,90,3,Quận Bắc Từ Liêm
6.3,97,2,Quận Cầu Giấy
8.2,81,2,Quận Nam Từ Liêm
4.2,61.5,2,Quận Nam Từ Liêm
9.75,94,2,Quận Tây Hồ
6.2,90,3,Quận Bắc Từ Liêm
5.3,83.3,2,Quận Nam Từ Liêm
5.57,71,2,Quận Cầu Giấy
8.2,81,2,Quận Nam Từ Liêm
4.2,69,2,Quận Tây Hồ
4.7,80,3,Quận Nam Từ Liêm
5,30,,Huyện Ba Vì
8.2,81,2,Quận Nam Từ Liêm
4.7,80,3,Quận Nam Từ Liêm
4.2,69,2,Quận Tây Hồ
3.35,70,2,Quận Bắc Từ Liêm
5.3,83.3,2,Quận Nam Từ Liêm
3.35,70,2,Quận Bắc Từ Liêm
4.2,61.5,2,Quận Nam Từ Liêm
4.2,69,2,Quận Tây Hồ
5.3,83.3,2,Quận Nam Từ Liêm
4.2,61.5,2,Quận Nam Từ Liêm
3.95,82,3,Quận Nam Từ Liêm
4.2,61.5,2,Quận Nam Từ Liêm
5.57,71,2,Quận Cầu Giấy
5,65,2,Quận Cầu Giấy
3.95,82,3,Quận Nam Từ Liêm
18,155,4,Quận Nam Từ Liêm
18,155,4,Quận Nam Từ Liêm
3.95,82,3,Quận Nam Từ Liêm
8.2,81,2,Quận Nam Từ Liêm
5.57,71,2,Quận Cầu Giấy
5.3,83.3,2,Quận Nam Từ Liêm
5,30,,Huyện Ba Vì
6.3,97,2,Quận Cầu Giấy
5.57,71,2,Quận Cầu Giấy
8.2,81,2,Quận Nam Từ Liêm
4.2,61.5,2,Quận Nam Từ Liêm
9.6,104,3,Quận Nam Từ Liêm
5,65,2,Quận Cầu Giấy
5,30,,Huyện Ba Vì
6.2,90,3,Quận Bắc Từ Liêm
5.3,83.3,2,Quận Nam Từ Liêm
5,30,,Huyện Ba Vì
6.3,97,2,Quận Cầu Giấy
9.6,104,3,Quận Nam Từ Liêm
4.2,61.5,2,Quận Nam Từ Liêm
6.2,90,3,Quận Bắc Từ Liêm
9.6,104,3,Quận Nam Từ Liêm
5,65,2,Quận Cầu Giấy
5,65,2,Quận Cầu Giấy
6.3,97,2,Quận Cầu Giấy
9.6,104,3,Quận Nam Từ Liêm
4.7,80,3,Quận Nam Từ Liêm
7.8,,2,Quận Thanh Xuân
3.35,70,2,Quận Bắc Từ Liêm
7.8,,2,Quận Thanh Xuân
4.7,80,3,Quận Nam Từ Liêm
9.75,94,2,Quận Tây Hồ
18,155,4,Quận Nam Từ Liêm
6.3,97,2,Quận Cầu Giấy
9.6,104,3,Quận Nam Từ Liêm
7.8,,2,Quận Thanh Xuân
6.2,90,3,Quận Bắc Từ Liêm
9.75,94,2,Quận Tây Hồ
4.7,80,3,Quận Nam Từ Liêm
3.35,70,2,Quận Bắc Từ Liêm
3.35,70,2,Quận Bắc Từ Liêm
7.8,,2,Quận Thanh Xuân
18,155,4,Quận Nam Từ Liêm
8.2,81,2,Quận Nam Từ Liêm
6.2,90,3,Quận Bắc Từ Liêm
18,155,4,Quận Nam Từ Liêm
8.2,81,2,Quận Nam Từ Liêm
5.3,83.3,2,Quận Nam Từ Liêm
9.75,94,2,Quận Tây Hồ
8.2,81,2,Quận Nam Từ Liêm
9.6,104,3,Quận Nam Từ Liêm
4.2,69,2,Quận Tây Hồ
3.95,82,3,Quận Nam Từ Liêm
4.2,69,2,Quận Tây Hồ
9.75,94,2,Quận Tây Hồ
3.95,82,3,Quận Nam Từ Liêm
4.7,80,3,Quận Nam Từ Liêm
5.3,83.3,2,Quận Nam Từ Liêm
4.2,61.5,2,Quận Nam Từ Liêm
7.8,,2,Quận Thanh Xuân
5.3,83.3,2,Quận Nam Từ Liêm
4.2,69,2,Quận Tây Hồ
9.75,94,2,Quận Tây Hồ
4.2,61.5,2,Quận Nam Từ Liêm
4.2,69,2,Quận Tây Hồ
5.57,71,2,Quận Cầu Giấy
7.8,,2,Quận Thanh Xuân
3.95,82,3,Quận Nam Từ Liêm
3.95,82,3,Quận Nam Từ Liêm
9.75,94,2,Quận Tây Hồ
5.57,71,2,Quận Cầu Giấy
5,30,,Huyện Ba Vì
3.35,70,2,Quận Bắc Từ Liêm
5.57,71,2,Quận Cầu Giấy
4.2,61.5,2,Quận Nam Từ Liêm
4.2,69,2,Quận Tây Hồ
5.57,71,2,Quận Cầu Giấy
4.2,69,2,Quận Tây Hồ
3.95,82,3,Quận Nam Từ Liêm
18,155,4,Quận Nam Từ Liêm
5,65,2,Quận Cầu Giấy
5,30,,Huyện Ba Vì
5,30,,Huyện Ba Vì
6.3,97,2,Quận Cầu Giấy
6.2,90,3,Quận Bắc Từ Liêm
5,30,,Huyện Ba Vì
3.95,82,3,Quận Nam Từ Liêm
5.57,71,2,Quận Cầu Giấy
5,65,2,Quận Cầu Giấy
8.2,81,2,Quận Nam Từ Liêm
5,65,2,Quận Cầu Giấy
4.7,80,3,Quận Nam Từ Liêm
5,65,2,Quận Cầu Giấy
6.3,97,2,Quận Cầu Giấy
9.6,104,3,Quận Nam Từ Liêm
6.3,97,2,Quận Cầu Giấy
3.35,70,2,Quận Bắc Từ Liêm
6.2,90,3,Quận Bắc Từ Liêm
5.57,71,2,Quận Cầu Giấy
6.2,90,3,Quận Bắc Từ Liêm
5,30,,Huyện Ba Vì
6.3,97,2,Quận Cầu Giấy
5.3,83.3,2,Quận Nam Từ Liêm
4.7,80,3,Quận Nam Từ Liêm
5,65,2,Quận Cầu Giấy
6.2,90,3,Quận Bắc Từ Liêm
18,155,4,Quận Nam Từ Liêm
4.7,80,3,Quận Nam Từ Liêm
7.8,,2,Quận Thanh Xuân
4.2,61.5,2,Quận Nam Từ Liêm
3.35,70,2,Quận Bắc Từ Liêm
5,30,,Huyện Ba Vì
6.3,97,2,Quận Cầu Giấy
4.7,80,3,Quận Nam Từ Liêm
18,155,4,Quận Nam Từ Liêm
5,65,2,Quận Cầu Giấy
8.2,81,2,Quận Nam Từ Liêm
3.35,70,2,Quận Bắc Từ Liêm
6.3,97,2,Quận Cầu Giấy
3.35,70,2,Quận Bắc Từ Liêm
18,155,4,Quận Nam Từ Liêm
5.3,83.3,2,Quận Nam Từ Liêm
6.2,90,3,Quận Bắc Từ Liêm
9.75,94,2,Quận Tây Hồ
6.2,90,3,Quận Bắc Từ Liêm
8.2,81,2,Quận Nam Từ Liêm
4.7,80,3,Quận Nam Từ Liêm
4.2,69,2,Quận Tây Hồ
18,155,4,Quận Nam Từ Liêm
4.2,61.5,2,Quận Nam Từ Liêm
8.2,81,2,Quận Nam Từ Liêm
3.95,82,3,Quận Nam Từ Liêm
4.7,80,3,Quận Nam Từ Liêm
5.3,83.3,2,Quận Nam Từ Liêm
5.57,71,2,Quận Cầu Giấy
3.35,70,2,Quận Bắc Từ Liêm
5.3,83.3,2,Quận Nam Từ Liêm
5,30,,Huyện Ba Vì
3.35,70,2,Quận Bắc Từ Liêm
8.2,81,2,Quận Nam Từ Liêm
18,155,4,Quận Nam Từ Liêm
5.3,83.3,2,Quận Nam Từ Liêm
4.2,61.5,2,Quận Nam Từ Liêm
8.2,81,2,Quận Nam Từ Liêm
4.2,61.5,2,Quận Nam Từ Liêm
4.2,61.5,2,Quận Nam Từ Liêm
18,155,4,Quận Nam Từ Liêm
5,65,2,Quận Cầu Giấy
5.3,83.3,2,Quận Nam Từ Liêm
8.2,81,2,Quận Nam Từ Liêm
6.3,97,2,Quận Cầu Giấy
5.3,83.3,2,Quận Nam Từ Liêm
6.2,90,3,Quận Bắc Từ Liêm
4.2,61.5,2,Quận Nam Từ Liêm
4.7,80,3,Quận Nam Từ Liêm
3.35,70,2,Quận Bắc Từ Liêm
4.2,61.5,2,Quận Nam Từ Liêm
18,155,4,Quận Nam Từ Liêm
8.2,81,2,Quận Nam Từ Liêm
5.3,83.3,2,Quận Nam Từ Liêm
4.2,61.5,2,Quận Nam Từ Liêm
